"text","dateCreated","UsersId","QuestionsId"
"Earum laboriosam quisquam est consequatur beatae iure numquam delectus. Magnam minus quia molestiae hic quis reiciendis et a. Velit eos porro excepturi est est.","2021-05-10 02:04:40.983+03","20","4"
"Adipisci odio et quis et similique velit doloremque maiores. Repudiandae quis voluptas consequuntur distinctio aut eius earum id. In et facilis quam quisquam dolore corrupti sunt similique nisi. Placeat esse tempora.","2021-05-28 04:59:39.582+03","8","5"
"Sed fugit harum ea rerum et sunt sit. Quas blanditiis ullam autem sed possimus et nam. Et fugiat autem facere.","2021-05-13 01:51:21.234+03","14","5"
"At perferendis vitae quam et quos. Necessitatibus tenetur omnis. Laudantium vitae numquam. Ab molestias doloribus. Mollitia quia qui reiciendis consequatur accusamus quaerat.","2021-05-01 20:01:48.522+03","12","6"
"Repellat laboriosam quisquam consequatur totam et eum suscipit. Omnis repellat et exercitationem dolorum fugiat. Temporibus veritatis explicabo est. Voluptatem reiciendis voluptatem voluptatem. Occaecati doloribus deserunt voluptatum et quas totam cumque. Quia sequi facilis odio veritatis laudantium quia sunt pariatur unde.","2021-05-27 03:52:01.562+03","5","6"
"Saepe et exercitationem dolorem corrupti. Placeat autem ut ut rem ut dolorem molestias. Qui commodi ut. Veniam vero delectus ut soluta sit. Accusantium quidem blanditiis enim dolorem.","2021-05-10 14:43:24.865+03","13","7"
"Officia maiores et repellat beatae perferendis suscipit earum aliquam molestiae. Atque tenetur quo odit voluptatem exercitationem illo ipsam. Voluptatem est officia. Est voluptatem aliquam ipsum blanditiis consequatur.","2021-05-05 04:05:59.620+03","8","7"
"Accusantium officia cum repellat soluta quo temporibus aut quis est. Inventore placeat a. Vero consequatur suscipit non quo minus.","2021-05-06 10:18:38.199+03","7","8"
"Quia omnis illum. Fugit ea quas qui ea deleniti aliquam. Excepturi velit reprehenderit voluptatibus nihil.","2021-05-24 03:12:06.272+03","7","8"
"Dignissimos quam et qui qui est veritatis quas. Ipsam et aspernatur totam placeat modi qui aut. Dolores corrupti consequuntur ad sed id excepturi eum consequatur eveniet. Consequatur et quos voluptatum dolorem eos illum saepe. Rerum quisquam est et eveniet repudiandae nihil et.","2021-05-09 08:02:09.379+03","17","10"
"Officiis eaque animi ea non ullam magnam sit. Odio explicabo voluptatem consequatur nemo cumque reprehenderit aut et quo. Nisi quo consequatur cupiditate sequi est unde. Voluptatem nisi at esse. Praesentium et repellendus libero et.","2021-05-06 23:10:34.611+03","13","11"
"Doloribus et eaque a magnam expedita asperiores autem qui. Explicabo odit mollitia dolor est odio nemo eius praesentium ut. Molestiae id porro excepturi non voluptatem voluptas. Corporis neque iusto magnam veritatis nulla recusandae et earum.","2021-05-28 13:54:47.947+03","17","11"
"Repellendus architecto ab facilis enim vel alias aut. Reiciendis sit tempora minima aut praesentium optio. Enim accusamus soluta voluptatem ex. Animi sapiente culpa ut qui blanditiis.","2021-05-19 09:34:25.049+03","18","12"
"Quos ducimus consequatur ut id illum et sunt eum. Quia voluptas illo aut voluptas deleniti accusantium repellat consequatur eos. Consequuntur quo ab.","2021-05-01 11:34:53.473+03","2","12"
"Cupiditate ipsum nesciunt ad ipsum repellat sed deleniti et. Et consequatur nulla. Quia pariatur omnis consequatur. Quibusdam laboriosam laborum cum.","2021-05-28 16:00:40.510+03","4","15"
"Eius consectetur dolores sunt maxime sed rerum tenetur dolore. Possimus iure inventore numquam. Quidem alias esse vitae voluptas qui quia vero. Sed sunt blanditiis ut ut. Doloremque velit vitae eligendi dolorem adipisci culpa rerum.","2021-05-17 22:44:33.892+03","2","15"
"Dolore numquam aut hic sunt culpa. Tenetur et molestias maiores beatae et qui pariatur. Officiis expedita vel. Voluptatem vel voluptatem sunt deserunt laboriosam nam. Quas nulla aliquid voluptate consequatur eligendi adipisci autem sint nam.","2021-05-06 17:54:30.362+03","13","18"
"Error fuga et hic ut et aspernatur aut. Voluptas vero nostrum eos est sunt consequatur repudiandae reiciendis eos. Praesentium qui iure est quisquam dolores quidem autem fugiat.","2021-05-17 11:06:33.468+03","5","19"
"Dolor quas maiores perspiciatis veritatis nobis quia. Eos eos eligendi et non non quasi totam et autem. Aut et quo est ut.","2021-05-06 20:54:51.656+03","17","20"
"Aliquid et sed amet totam amet voluptas voluptatem nesciunt. Enim qui laudantium laboriosam aliquam quasi soluta consequuntur sed sit. Delectus natus deleniti est quis et sit fugit explicabo magnam.","2021-05-30 07:07:11.202+03","20","24"
"Repellendus officia voluptas tempora sint eum quas. Voluptate esse voluptatem. Voluptas facere officiis soluta cumque. Eos a rem omnis dolorem. Consequatur enim eveniet veritatis doloremque accusamus nemo natus voluptates magnam. Aut sed debitis enim nam quo delectus corporis.","2021-05-01 23:03:44.252+03","11","24"
"Tempore commodi praesentium omnis modi consequuntur incidunt eum ea omnis. Enim alias fugiat sunt consequatur dolorem voluptatum eaque est fuga. Est dolorum voluptate laborum blanditiis dolores modi excepturi debitis et. Distinctio placeat pariatur velit quam quidem enim.","2021-05-05 22:35:12.406+03","11","25"
"Ea hic tempore in debitis. Sed ipsam suscipit maiores tenetur quibusdam. Est ut deleniti ipsam sint. Perferendis aut corrupti. Quia animi qui itaque nisi eveniet dicta soluta neque.","2021-05-23 14:13:38.692+03","14","26"
"Dolorem dolores quas voluptatem. Id nihil qui porro quos. Laudantium necessitatibus labore neque et rerum nesciunt voluptas. Earum distinctio velit aut asperiores earum non. Sed voluptatem est minima eos voluptas ipsam et.","2021-05-18 15:38:08.091+03","8","26"
"Laboriosam quia repellendus molestiae qui non nihil porro possimus iure. Tempora omnis neque reiciendis eveniet autem tempore accusantium eaque. Dolorem ut occaecati. Nisi eius porro.","2021-05-11 12:57:22.763+03","7","29"
"Eos blanditiis eum nam nulla est. Et quae dignissimos sit nemo. Consequatur error incidunt consequatur maiores ratione et quae consequatur.","2021-05-29 01:31:20.256+03","15","30"
"Architecto maxime et optio id et atque earum. Praesentium architecto id repellat nobis eum dolores ut. Iure asperiores odit eum. Tempora dolor nam eveniet doloribus expedita rerum. Voluptas est eum dolore debitis eum dolorem excepturi recusandae est. Ea ut vero ab ad qui assumenda.","2021-05-18 23:59:37.229+03","6","31"
"Quia voluptate aspernatur cum et earum aspernatur. Rem perspiciatis est ut at commodi dolorem molestiae et porro. Perferendis et nostrum.","2021-05-17 15:32:34.118+03","9","31"
"Vitae velit culpa. Exercitationem libero officiis consequatur aut rerum rem voluptatibus dolores. Repudiandae distinctio in. Dolor et et nulla rerum. Molestias neque culpa voluptatem. Consequatur sit perspiciatis ipsum debitis ea maxime facere aliquam.","2021-05-22 00:20:43.674+03","5","32"
"Eligendi ducimus veritatis dolor quae debitis numquam. Nihil corrupti suscipit. Rem est aut reiciendis quia delectus aliquam et voluptatum ut. Eos tenetur libero ut fugit veritatis ipsa. Corrupti inventore placeat officiis. Exercitationem voluptas voluptatem.","2021-05-18 20:03:35.013+03","9","32"
"Ullam rem doloribus magnam facilis. Rem ut est et ut. Deserunt quis id similique. Officia consequatur sunt. Temporibus commodi aut.","2021-05-09 05:07:04.846+03","16","33"
"Fugiat sed voluptatem tenetur at aut. Dolorum est magni et eum sed. Et dicta autem. Ut eos aut. Minus dicta omnis sunt.","2021-05-05 23:29:07.111+03","16","33"
"Porro ad ipsam tenetur consequatur mollitia ut dicta. Tempora in recusandae consequuntur esse. Sit sed beatae et aut.","2021-05-19 16:32:34.735+03","14","34"
"Consequatur numquam tenetur. Quia veniam est occaecati eum vitae qui repudiandae et. Quod ut et. Pariatur vel ad cumque dolor omnis voluptatem beatae. Expedita rem aut quod temporibus nisi sequi nisi.","2021-05-23 15:21:43.146+03","17","34"
"Eos porro et facere ab excepturi assumenda. Eum tempora illo quibusdam aut eveniet dicta alias voluptatibus. Eos provident quae repellendus omnis rerum similique et et.","2021-05-04 08:24:45.980+03","12","35"
"Nihil porro in consequatur ea ut asperiores culpa explicabo ea. Maiores quos vero et distinctio est aut impedit. Laudantium qui doloremque veritatis. Voluptatem ut at et sunt quidem. Culpa quia temporibus quaerat blanditiis molestias iusto quia.","2021-05-27 01:26:39.047+03","3","37"
"Deserunt voluptatum possimus. Impedit hic minima quae illo labore illum quibusdam. Reiciendis corrupti reiciendis. Autem qui facilis ducimus esse quia. Aut impedit quas ut ipsam aliquid sunt.","2021-05-28 12:58:50.852+03","7","37"
"Modi totam sed sequi ut laborum voluptas modi numquam quia. Maxime natus repudiandae vel nostrum. Delectus sint ullam est necessitatibus aliquam. Est est maxime vel quibusdam rerum molestiae.","2021-05-06 03:27:29.525+03","17","38"
"Tenetur necessitatibus soluta illo. Quae aperiam enim vero quae ut dolorem consequatur eos. Illo molestiae corporis ex cum eaque omnis veniam sed. Et et et perferendis maiores eos. Dolorum eos laboriosam ratione sunt.","2021-05-05 13:32:06.861+03","16","38"
"Cupiditate deleniti fuga iure nemo tempora rerum. Tempora commodi cumque itaque repellendus. Non rerum qui. Non deserunt facere autem aliquid eos dolorem ipsum esse consectetur. Voluptatem quas ullam.","2021-05-25 15:38:28.254+03","6","40"
"Sapiente enim aut ut exercitationem similique tempore ullam consequatur. Consectetur cum dolores labore odio pariatur ut. Dolore odio voluptas sit omnis eos ab. Delectus aut ab earum.","2021-05-04 11:00:39.808+03","11","40"
"Quis est quod cumque debitis ut illum et consequatur. Iste architecto earum sunt quam eligendi officia saepe quisquam vel. Voluptates porro dicta ut quis eos fuga et et. Qui autem recusandae veniam explicabo nam nostrum molestias corrupti sed. Quis praesentium et ut.","2021-05-29 09:40:22.364+03","7","41"
"Modi nam magnam quidem. Dolores exercitationem nihil consequuntur dicta deleniti sint voluptas odit. Ut aspernatur et iste repellat.","2021-05-25 12:21:54.078+03","12","42"
"Et odit sed perferendis et nobis id eveniet. Tenetur neque sed est quis repudiandae. Magni eum est eligendi ea necessitatibus odio. Fugit odio recusandae eligendi mollitia ullam sint. Consequatur ad molestiae eos numquam labore sint. Cumque quod corrupti ut illum possimus veniam debitis.","2021-05-03 06:04:57.286+03","10","43"
"Occaecati atque facilis labore esse qui voluptatem dolorem delectus. Nihil unde distinctio ratione possimus nostrum blanditiis cumque aliquid. Aut est omnis veritatis et. Ea consequuntur eos natus et harum eum. Autem molestiae esse est sint. Consectetur distinctio asperiores officiis magni sint voluptas.","2021-05-13 23:19:28.084+03","19","43"
"Tenetur mollitia occaecati provident sit qui at et eos. Qui ducimus possimus quis. Dolor neque magni nesciunt eaque quia iusto. Eum neque excepturi explicabo. Et non dolor eius qui non sint dolor et. Perferendis delectus deleniti doloribus libero repellat sunt laborum similique.","2021-05-19 03:16:55.448+03","7","45"
"Et nemo est laboriosam. Perferendis nesciunt natus temporibus et officia hic voluptatem laudantium. Magnam sunt aut laudantium. Quod odit explicabo pariatur ut sint sapiente qui repudiandae sed. Autem reiciendis ex ea. Non tempora alias asperiores sed.","2021-05-28 00:43:07.425+03","11","45"
"Maxime error veniam exercitationem. Dicta et blanditiis et excepturi consequatur et quia consectetur. Adipisci sunt ut quaerat esse quos ut. Tempora totam aspernatur laborum.","2021-05-12 01:50:52.797+03","9","47"
"Veritatis qui aliquid distinctio voluptas deleniti est cumque ea mollitia. Autem corporis veniam hic minima minus beatae. Et officia quasi atque nihil excepturi vel aut hic. Molestias iusto et facilis. Dolorem et officiis omnis voluptatem aliquam quidem hic corporis magni.","2021-05-22 04:23:32.799+03","14","47"
"Nihil officiis sapiente architecto voluptatem ab animi ducimus nesciunt. In aut totam pariatur mollitia quod ut quod. Consectetur autem deserunt et est. Rem earum sed aut.","2021-05-17 22:41:49.100+03","13","48"
"Expedita enim quia magnam id rerum. Enim hic quaerat. Vel eaque et deleniti id natus tempore id. Esse reiciendis est.","2021-05-04 02:56:52.615+03","3","50"
"Voluptatem provident mollitia nesciunt rerum voluptatem natus fuga. Suscipit dolorem exercitationem inventore laborum iure. Laboriosam quisquam aut nihil quia ea esse. Sed alias alias maxime et optio. Illum rerum eum unde. Est vel excepturi non non.","2021-05-28 09:29:55.451+03","4","50"
"Ducimus unde ipsum ut delectus sunt quia. Facilis autem quia vel iusto. Sapiente quisquam totam sit et nobis. Facilis repudiandae repellendus aut. Reiciendis ex exercitationem veritatis qui. Dignissimos id aperiam accusamus.","2021-05-06 19:45:40.883+03","4","51"
"Nihil adipisci qui rerum nulla voluptas repudiandae ducimus eos numquam. Laboriosam eum consectetur qui. Quas adipisci totam repudiandae eaque ut occaecati ratione officiis. Reiciendis nihil omnis eum tempore blanditiis rerum corporis.","2021-05-04 10:05:31.983+03","14","53"
"Voluptatum voluptates qui consectetur omnis voluptatem occaecati dolorem. Est reiciendis aut et omnis ea voluptatum. Omnis deleniti consectetur molestiae eos et iure sed. Sunt molestias odio.","2021-05-25 00:09:42.956+03","8","53"
"Quia numquam quo possimus occaecati. Facere ut laboriosam quis. Possimus debitis tempora autem facere occaecati dolores alias nemo. Laborum et dolorem tempore. Optio dolorum quo magni totam.","2021-05-22 22:16:03.534+03","20","54"
"Est laborum tenetur ex quod tenetur aliquid culpa at quaerat. Velit inventore facere accusantium et ipsa et non. Velit iure repudiandae libero nobis earum. Est incidunt ut voluptatem non. Ullam sunt et commodi et quia.","2021-05-05 16:18:23.425+03","14","55"
"Error velit eos eius eligendi qui quisquam. Deserunt rerum expedita non veniam iusto id nulla et ut. Beatae temporibus voluptatem eos accusamus sit accusantium consequatur exercitationem accusamus.","2021-05-23 14:36:07.272+03","3","55"
"Dolorum fugit omnis sapiente qui. In voluptate vel illum. Cumque harum quos ratione corrupti labore. Iure sint corporis temporibus consectetur aperiam accusamus. Iusto nobis illum beatae accusamus inventore quia asperiores.","2021-05-25 09:44:28.598+03","4","56"
"Voluptatem provident nesciunt est qui. Vel rerum at eligendi qui voluptatem. Odio reiciendis voluptatem ut eum delectus rerum voluptate. Dolores dolorem dolores ea.","2021-05-04 15:31:58.322+03","2","56"
"Nemo possimus sint nihil ullam consequatur maxime ab. Aut quod et. Dolores in dolor quo enim consequuntur praesentium cumque sed. Labore molestias repellat dolores voluptates voluptates officia est omnis. Rerum sed quia. Laudantium et aperiam eum.","2021-05-29 01:05:05.225+03","19","57"
"Voluptatem dolorem qui. Voluptas earum ducimus aut consequatur. Ea commodi quisquam vitae voluptate ut magni. Et cumque veniam omnis quaerat assumenda aliquid. Omnis qui sunt quia. Expedita expedita recusandae.","2021-05-17 09:03:56.693+03","14","58"
"Soluta asperiores veritatis beatae eos sit quasi aut impedit sit. Facere numquam sint. Velit autem rerum rem non quisquam hic sint rerum magni. Et sint eum eaque fuga nisi vero.","2021-05-25 18:15:50.824+03","5","59"
"Qui autem enim. Totam ut beatae similique sunt est doloribus qui natus unde. In cum omnis odit consequuntur alias.","2021-05-15 00:18:56.523+03","13","61"
"Corporis voluptatem necessitatibus. Dicta sapiente aut libero itaque reiciendis ea. Perferendis sit aperiam vero harum nesciunt doloremque aut. Fugiat doloremque aut qui deserunt optio natus ea. Corrupti sed et sapiente ipsa magnam quia deserunt mollitia.","2021-05-29 16:54:57.826+03","10","62"
"Sequi voluptatum voluptas ex quas aspernatur ut quia quo. Dolores voluptatem rerum dolorum exercitationem qui qui voluptatem est. Temporibus sint quia id id architecto aut dolores.","2021-05-05 08:08:17.171+03","16","62"
"Odit alias esse esse sapiente. Nihil placeat nihil qui quia quaerat. Rerum quasi perspiciatis porro iure consequatur quas voluptate. Atque ex sunt et quae consequatur ex commodi et. Cumque officia cupiditate vero blanditiis sit aliquam. Et nihil distinctio distinctio voluptatem et nesciunt qui labore impedit.","2021-05-06 09:14:02.949+03","7","63"
"Alias tenetur harum similique rerum dolorum. Possimus quo alias vero aut. Illum sit eveniet excepturi. Perspiciatis maxime quos facilis porro maiores molestiae nostrum provident et.","2021-05-30 02:15:04.890+03","6","63"
"Facere est qui aut nobis ut quia quia quisquam ab. Laboriosam minus itaque voluptate consectetur. Atque ipsam sint neque ut eos. Fugit labore sunt deleniti nihil enim autem dolor. Repellat consequatur est consequuntur reprehenderit maiores.","2021-05-28 23:50:11.176+03","16","64"
"Est id suscipit voluptas magnam doloribus voluptatum exercitationem. Consequuntur commodi accusantium mollitia sed eos. Suscipit minus sint natus hic error fugit. Omnis in velit cupiditate eligendi illo quia. Est tempora iusto.","2021-05-04 01:42:02.313+03","2","64"
"Necessitatibus dolor eum provident saepe. Amet quibusdam quo ad quae aspernatur omnis rerum atque. Deserunt et aut earum dolor. Magni modi numquam fuga.","2021-05-26 13:47:24.139+03","13","65"
"Deserunt et voluptatem minima ut voluptatem. Recusandae repellendus et cum asperiores sint ipsum quia quidem. Cum atque aut eaque deleniti doloribus quos nostrum. Omnis perferendis expedita in sequi laboriosam.","2021-05-13 09:33:34.317+03","4","66"
"Maiores sed omnis pariatur delectus repudiandae. Accusantium et tenetur distinctio blanditiis. Enim fugit id non ut. Ut aperiam sint aperiam autem et iusto soluta. Omnis quo eum quia accusantium.","2021-05-05 05:23:16.112+03","11","66"
"Saepe vel similique. Qui minima consequuntur dicta. Quis dicta ut distinctio. Vel eveniet maxime. Minus optio maxime velit autem officiis.","2021-05-22 10:50:18.636+03","13","67"
"Ipsa nam dolorem eum id vitae. Commodi deleniti eaque deleniti dolores minima id. Natus commodi culpa. Et exercitationem adipisci occaecati consequatur.","2021-05-16 00:06:43.227+03","7","75"
"Aut unde voluptas sapiente et. Magnam id laudantium totam eum iste accusantium nihil autem voluptas. Nesciunt nobis sequi. Distinctio ut magni sunt ab repudiandae.","2021-05-24 07:29:44.595+03","20","75"
"Libero architecto dolores aspernatur aspernatur incidunt sit distinctio. Molestiae deleniti odio perferendis possimus recusandae ut. Neque excepturi necessitatibus. Et ut praesentium illum tenetur et.","2021-05-07 02:35:00.924+03","19","76"
"Aliquid eaque ullam voluptatem. Est nulla et iusto natus harum eum aspernatur occaecati. Magnam et cum harum deleniti hic quo.","2021-05-25 05:11:54.648+03","8","76"
"Quia omnis quis vel at. Quae officia inventore occaecati. Aperiam necessitatibus repellat sed accusamus sed nihil mollitia autem.","2021-05-18 13:53:30.649+03","10","77"
"Blanditiis dignissimos voluptas soluta quibusdam ullam aut dicta. Molestiae cupiditate qui. Corporis vero nostrum nobis.","2021-05-14 22:36:47.586+03","17","78"
"Et quis itaque illo qui voluptas. Qui alias nobis voluptates eos voluptas velit. Repudiandae deserunt qui molestiae voluptatibus quia officia aut laborum. Debitis laudantium eveniet. Excepturi aut voluptas.","2021-05-15 04:09:49.806+03","18","79"
"Placeat vel optio. In est minima repudiandae non sed. Est officiis optio recusandae culpa magnam totam quae.","2021-05-04 17:00:25.822+03","19","79"
"Omnis itaque quia qui omnis. Non eos maiores aut officiis doloremque quia consequatur sapiente doloribus. Quis qui alias. Et est est ut. Corrupti veniam quia expedita sint ab. Ut quibusdam vero sint.","2021-05-29 02:10:54.791+03","9","80"
"Officiis et adipisci asperiores aspernatur. Dolorum aliquam aut perspiciatis dolor ab. Dolor vel omnis facilis explicabo consectetur alias cum.","2021-05-19 19:00:41.825+03","12","80"
"Nesciunt non inventore laboriosam enim inventore qui facere. Minima distinctio libero et perferendis. Eum excepturi sed asperiores est repudiandae. Officiis voluptas sit nam ab voluptatem autem aut itaque. Sit aliquid impedit.","2021-05-08 00:21:54.436+03","17","81"
"Quis voluptatem ut et reprehenderit ut reiciendis. Nihil eos rem qui nemo ut sapiente nihil sunt. Et fugiat corrupti est. Labore dolore architecto similique quibusdam. Ea maiores voluptate ipsum magni libero repellendus.","2021-05-28 07:03:28.136+03","4","81"
"Id eum non inventore. Dolores totam quod nobis beatae. Tempore tempore quasi sit nam id in incidunt. Ipsum odio nostrum quia et aut harum officiis.","2021-05-09 22:46:34.756+03","8","82"
"Molestias exercitationem dolorem. Ullam cupiditate consequatur eos neque excepturi iure voluptatem culpa vitae. Qui cupiditate magni cumque.","2021-05-22 07:52:32.251+03","3","82"
"Minima impedit inventore ipsam sed tempora et quia. Occaecati aut quidem exercitationem sapiente molestias rerum. Earum eos perferendis rem laborum in sed enim. Dolorum quaerat ut consequatur molestiae consequuntur quia magnam qui consectetur.","2021-05-12 21:39:04.460+03","18","85"
"Sed ab molestiae repellat fugiat placeat laboriosam est. Quis sit assumenda ea consequuntur asperiores voluptas et. Est vel provident velit explicabo qui culpa non dolores aspernatur. Consequatur sit animi neque.","2021-05-22 22:50:54.180+03","9","85"
"Iusto ad ab explicabo a. Nulla sit eaque. Eos et dolorem alias necessitatibus ut soluta non dolorem modi.","2021-05-13 08:09:10.238+03","2","86"
"Perspiciatis maiores omnis autem vitae ipsam quas laudantium. Aut sint ut. Rerum corrupti illum.","2021-05-13 19:02:42.054+03","9","87"
"Ut asperiores nam vel reiciendis rerum. Et quidem praesentium ab sit. Unde recusandae dolorem ut sapiente. Porro dolore ut non voluptatem harum ab fugiat ad. Earum similique unde voluptas nobis. Eveniet eum mollitia ullam natus temporibus vel atque aut.","2021-05-26 03:14:40.764+03","4","90"
"Reiciendis id et at aut minus et nihil voluptatibus. Recusandae omnis iusto nesciunt. Molestias veritatis eum voluptas sint vero necessitatibus nemo minus. Inventore blanditiis iure ipsa tenetur.","2021-05-10 17:45:17.781+03","18","90"
"Cupiditate rerum temporibus et numquam dolorem. Et animi repellat accusantium exercitationem. Sint rerum eveniet quia. Qui ipsa ut voluptate. Nam ipsum modi aut ex rerum quae sed qui ut. Esse officiis autem exercitationem beatae labore maiores rem esse consequatur.","2021-05-29 12:20:10.446+03","3","91"
"Qui architecto quo id. At minima quaerat aut qui rem. Ut quo qui saepe. Voluptatem voluptas quia neque ut optio nesciunt totam. Voluptatibus qui aut aliquid omnis nostrum.","2021-05-03 12:50:54.994+03","20","91"
"Rerum dolores placeat et sapiente et qui illo sint. Maiores aperiam iure omnis deleniti unde repellendus. Rerum eos et velit iusto vel possimus aperiam. Ullam vero ducimus eius ea optio aliquid hic alias quidem. Commodi ea vel laborum corporis quibusdam aut et. Dolor rerum culpa.","2021-05-12 19:54:26.542+03","6","92"
"Et quia blanditiis veniam magni quam. Quia qui debitis eum nostrum est nemo vero doloribus. Ipsam velit accusantium ad tenetur sunt.","2021-05-02 00:11:24.049+03","6","92"
"Quas provident quia quisquam excepturi quia modi quo velit ut. Ea adipisci minus aspernatur. Exercitationem quaerat quod voluptatum. Eius quo omnis voluptas aspernatur voluptatem. At cum maxime tempore sunt.","2021-05-29 12:48:16.846+03","12","93"
"Facilis in voluptatem dolorum quia necessitatibus optio. Aspernatur ducimus consequatur mollitia quia. Numquam nihil aspernatur.","2021-05-22 05:50:52.774+03","8","93"
"Placeat ea blanditiis perferendis est architecto non asperiores laudantium placeat. Nesciunt omnis id. Dolore eveniet consequatur asperiores distinctio perspiciatis et nulla. Voluptate consequuntur natus veritatis. Soluta praesentium animi numquam non iusto aspernatur assumenda dolore. Reprehenderit rerum laboriosam quis tempore et consectetur repellendus possimus delectus.","2021-05-29 18:54:32.691+03","13","94"
"Eveniet hic cupiditate ut labore. Hic dolorem natus blanditiis exercitationem rerum quo. Porro eos voluptate esse dicta eos non repudiandae saepe voluptas. Atque placeat nisi perferendis velit. Repellat vel voluptatem consequatur omnis. Quo voluptatum veritatis qui qui.","2021-05-26 21:08:46.546+03","15","97"
"Eius sunt fuga provident veniam inventore consequatur nam. Ut quia cupiditate sit a. Eius et illum aut.","2021-05-27 15:54:08.838+03","11","98"
"Exercitationem dolorem asperiores ipsa ut et quo odit. Laboriosam sit error in. Incidunt laborum commodi. Ut earum labore alias unde ea ut dolor beatae laboriosam.","2021-05-12 16:28:53.394+03","7","100"
"Doloremque pariatur nobis molestiae repellat. Et ut voluptatum corrupti consectetur sit eius in. Asperiores accusamus autem quo aspernatur. Aspernatur est harum voluptatibus fugiat odit sunt.","2021-05-22 04:28:28.587+03","10","100"
"Doloremque consequatur nisi magnam fugit porro unde. Placeat modi expedita. Repudiandae excepturi quibusdam cupiditate qui aperiam eos porro et. Adipisci et fuga. Minus cumque possimus quasi. Possimus corporis laborum aspernatur quia aperiam sunt laboriosam mollitia quisquam.","2021-05-27 09:08:51.359+03","15","102"
"Quasi itaque quod. Voluptatem et aut consequuntur qui rerum unde. Sed harum quam. Excepturi commodi magni totam accusamus harum libero fugit et. Sequi provident et dolores fuga. Sapiente explicabo porro fuga nihil deleniti et consequuntur laborum vel.","2021-05-09 13:10:02.201+03","16","103"
"Laborum eligendi molestias quae quas eum. Optio saepe vel. Quae ab non repudiandae id ipsum. Aut minima quo qui quia quaerat autem similique consequatur.","2021-05-01 00:50:00.422+03","5","103"
"Quisquam iusto quod quaerat modi non neque qui eos quo. At quo laudantium sint autem. Quisquam unde rerum. Delectus debitis id omnis voluptas atque quia. Consectetur autem enim vel accusantium natus et sit. Non soluta odit voluptatem sed dolore.","2021-05-18 21:26:16.367+03","3","104"
"Enim laudantium cum. Alias sit debitis odit nesciunt. Asperiores aut earum ipsa. Hic ullam sed soluta ipsa. Ea laborum aliquam quibusdam harum et et.","2021-05-21 12:56:26.316+03","14","104"
"Laboriosam consequatur minus sequi nisi magni. Et maiores dolores. Omnis accusantium autem et consectetur rem quam reprehenderit et. Qui officiis earum est aut deleniti fugiat sed laboriosam. Blanditiis sit autem ut.","2021-05-05 12:23:48.232+03","5","105"
"Minus nulla ratione et minus voluptatem aut consequatur doloremque necessitatibus. Dolore totam incidunt corporis enim sed aspernatur quis. Et nam tempore voluptas laborum aut officiis voluptatum.","2021-05-16 03:25:28.529+03","5","105"
"Ipsa ipsum qui modi. Ut et mollitia sed dolorem officiis vel quis. Itaque maxime voluptas sint debitis sapiente illo. Ad nemo laudantium est nesciunt corrupti dolorem recusandae. Dolore mollitia aut. Sint omnis fuga non temporibus neque enim omnis.","2021-05-07 19:12:37.118+03","16","108"
"Necessitatibus recusandae qui deserunt molestiae fuga temporibus in. Autem architecto fuga aut sunt. Aperiam laboriosam ipsum accusamus et rerum earum quas beatae et. Eius perspiciatis placeat aut laudantium.","2021-05-29 17:06:29.589+03","12","108"
"Praesentium quia deserunt fugit molestias itaque ipsa. Rem sed quod. A sequi omnis nobis odio soluta consequuntur architecto nihil. Aliquid dicta ab nihil tempora quidem velit cumque est repudiandae. Veritatis fuga voluptate ut laudantium qui sequi velit ea. Repudiandae velit dolor blanditiis repudiandae ipsam id et perspiciatis.","2021-05-03 15:35:18.014+03","7","109"
"Commodi non eligendi temporibus fugit. Voluptates quia ab voluptatem deserunt itaque. In dicta consequatur provident expedita minima dolorum. Ea optio debitis voluptatem similique aliquid placeat.","2021-05-06 18:12:36.622+03","1","109"
"Omnis et consequatur. Consequatur aut et. Necessitatibus quibusdam ut ullam. Magnam doloribus autem nisi dolores omnis ipsum cumque voluptatem ut. Perferendis voluptas illum et non aspernatur totam.","2021-05-17 22:12:15.713+03","5","110"
"Qui magnam est necessitatibus. Ut minus nisi ex. Dolorem expedita ratione eligendi et ut. Dolorem beatae quis blanditiis et. Rerum minus dolorem sit quia fugit nihil corporis.","2021-05-07 22:20:01.939+03","12","110"
"Iste quod enim reprehenderit. Neque nostrum eum excepturi. Dolores autem unde rerum provident non voluptas deleniti omnis necessitatibus. Sed et laborum natus quaerat.","2021-05-05 17:06:56.182+03","2","111"
"Nostrum voluptatem et consequuntur. Laboriosam commodi laboriosam. Dolorem perferendis cupiditate unde velit ut et ut deleniti.","2021-05-13 20:55:37.907+03","20","114"
"Qui cupiditate officiis vero ex. Quae facilis autem laborum autem ipsa dolore qui quos. Deleniti est voluptas. Odio ut molestiae fugit. Et tenetur et omnis tempore libero repudiandae.","2021-05-04 17:30:20.821+03","8","115"
"Eos tempore praesentium ut esse quia deleniti quis. Consectetur natus soluta praesentium sequi. Hic omnis excepturi dolorum nemo commodi enim culpa. Inventore quia dolorem iste architecto provident expedita quas aut. Repellendus voluptate dolore quasi exercitationem et consequatur et id ut.","2021-05-04 21:22:41.923+03","10","115"
"Velit iusto mollitia officiis ad magni dicta. Repudiandae ipsam ullam odio quia. Soluta saepe incidunt ullam quia commodi velit hic similique. Quia hic qui ratione tempora maiores quo. Et neque eum repellat occaecati velit in sint. Qui debitis delectus sint.","2021-05-26 05:10:24.708+03","6","116"
"Et officia quae. Sequi rem sed aut. Labore assumenda aut eos tempore. Pariatur ut earum ullam. Magnam sed culpa dignissimos accusamus quam neque dolorum numquam.","2021-05-04 21:57:06.966+03","11","117"
"Laudantium non est nemo aperiam mollitia numquam laborum sapiente. Magni fuga dolor. Voluptate ex vel unde qui aliquid quod enim.","2021-05-02 17:24:59.701+03","17","117"
"Temporibus cupiditate est aperiam qui velit. Esse illum ab accusamus ea nesciunt quia. Blanditiis enim nam nihil odit maxime. Nemo qui et eveniet quos est eius minima ducimus. Quis nemo quidem id modi quos ratione fugit eius rerum. Ea est id.","2021-05-20 13:27:32.729+03","3","118"
"Quia qui voluptatem et. Adipisci quidem atque vitae et illum. Maxime iure alias atque quos est perferendis qui.","2021-05-12 12:44:50.116+03","10","118"
"Nobis necessitatibus voluptatem ipsum. Qui sed quis magni id. Aspernatur a voluptas quibusdam quia. Unde nemo aliquam a saepe. Sed fugit voluptas eos. Eum deleniti adipisci aut dolorem dolor ex occaecati totam.","2021-05-17 21:14:02.291+03","1","121"
"Omnis aut qui. Velit rerum asperiores excepturi et. Recusandae facere error repellat magnam possimus iure atque nam. Consequatur deleniti vel est qui facilis. Aspernatur mollitia consequatur facere repudiandae sed eum. Commodi aut minus et nulla accusantium pariatur libero.","2021-05-06 02:17:24.507+03","18","122"
"Voluptatum ratione qui autem eum quia temporibus iusto. Consectetur culpa ut deleniti. Enim dolorem quo doloribus aliquam unde commodi. Facere enim dolorum voluptas occaecati.","2021-05-21 10:01:52.820+03","15","123"
"Omnis porro aspernatur tenetur aut autem maiores omnis nesciunt. Nihil animi architecto eum qui id. Nemo quo sapiente. Deleniti deserunt veritatis aliquam voluptas quibusdam et officiis ipsa.","2021-05-14 20:06:19.551+03","15","124"
"Harum repellat illo consequatur et. Veritatis sit voluptatum omnis blanditiis sit illo magni. Omnis magnam ipsam at itaque. Quo ratione at repudiandae tempora quibusdam. Placeat quidem ratione rerum illum. Et dolores laudantium dolores natus repellat.","2021-05-27 23:17:55.922+03","16","124"
"Quam repellendus esse corporis harum quo. Ad dolores non pariatur expedita voluptas quasi. Omnis non unde vel eos. Beatae delectus quos consequatur at quo dolorem.","2021-05-23 00:23:56.278+03","10","125"
"Dolorem vel et sequi voluptas illo. Similique odit nulla. Delectus ipsum autem et dolorem.","2021-05-22 15:16:58.677+03","19","126"
"Voluptatem error et. Recusandae dolorem expedita eos autem eos id. Ut qui aspernatur eos et sed. Fugiat eaque quia consequatur debitis natus beatae aut error. Et beatae explicabo cumque corrupti veritatis est doloremque.","2021-05-24 09:50:27.844+03","19","126"
"Voluptas alias laborum quibusdam. Nihil inventore nihil officia vel nesciunt. Blanditiis natus voluptates quos consequuntur nam et. Voluptas at qui eum accusantium consequatur.","2021-05-01 16:29:38.979+03","14","127"
"Incidunt nam totam. Dolor corporis earum esse ducimus assumenda amet. Consequatur nobis aut. Eaque voluptates architecto rerum voluptas sit.","2021-05-29 08:05:12.324+03","19","128"
"Blanditiis et quam alias architecto exercitationem est et omnis ipsa. Molestiae suscipit vitae nam. Doloribus molestiae laborum. Omnis debitis explicabo repellat dolore. Incidunt eligendi laborum perspiciatis vitae provident.","2021-05-03 12:23:47.142+03","13","128"
"Accusantium voluptas molestiae alias ut tempore et. Aliquid eos eaque cumque accusamus sint. Nemo id sit.","2021-05-15 13:29:03.640+03","15","129"
"Quaerat praesentium sunt quaerat aut ad. Omnis quia tenetur itaque et aspernatur dolores omnis. Autem voluptatem et neque in. Cumque et facere vel rerum ut et est. Aperiam accusantium deleniti excepturi esse voluptatem voluptatem voluptate sit.","2021-05-16 03:32:55.651+03","9","130"
"Quis enim cupiditate eaque eaque harum aliquid in tenetur dolorem. Nihil magni non est qui. Distinctio accusantium et labore dicta sunt facere sapiente et.","2021-05-22 00:02:55.216+03","9","132"
"Qui eveniet optio fugit quia ea cum autem necessitatibus. Excepturi facilis doloremque alias earum voluptatem impedit eius ipsa aliquid. Repudiandae quisquam aliquam totam sapiente. Voluptates perferendis cumque possimus optio minima.","2021-05-07 17:26:06.348+03","9","133"
"Perferendis placeat sed beatae reiciendis magnam earum magni distinctio. Et iusto similique in repellat quae. Maiores laboriosam ex amet laborum. Est voluptatem excepturi aut reprehenderit. Autem qui nam iusto a.","2021-05-27 06:23:01.925+03","16","137"
"Deleniti sed saepe temporibus sunt saepe eum natus excepturi. Iste accusamus eum velit soluta magni explicabo debitis. Ut et enim at quibusdam veniam sed voluptatem distinctio aut. Facere praesentium commodi atque alias ipsum ipsa nesciunt.","2021-05-19 22:41:12.573+03","17","138"
"Ipsa recusandae minus repellendus perspiciatis nisi. Et voluptas reprehenderit at aut. Molestiae incidunt minima voluptatibus architecto voluptatem et. Quo molestiae doloremque nihil accusantium sed non. Iure autem enim non. Molestiae voluptate quod cumque repellendus porro.","2021-05-13 15:50:02.645+03","19","140"
"Ut cum quam et natus voluptatibus sint quis. Eius beatae dolorem amet quia quos dicta est saepe. Repellendus sapiente voluptas aut ea tempore. Praesentium libero voluptatem nam est ea delectus autem eaque.","2021-05-15 19:51:10.759+03","3","141"
"Sed modi praesentium. Ea sapiente vitae necessitatibus recusandae alias sint. Voluptatum possimus numquam totam autem odio voluptatem voluptas ea quo.","2021-05-04 02:22:24.466+03","4","141"
"Iste cumque eligendi nobis officiis dicta. Quia voluptas qui sit ea consequatur libero voluptatem. Enim inventore ut rerum voluptas eos deleniti. Amet quia dolores mollitia suscipit molestiae libero. Consectetur culpa enim. Sed maxime facilis.","2021-05-18 13:58:17.085+03","6","142"
"Et ut rerum sunt ab vel facilis qui. Magnam iusto corporis id distinctio itaque eius tempora. Sapiente nobis enim at consectetur voluptatem sit et maiores. Quaerat inventore quis consectetur fuga.","2021-05-23 02:57:07.661+03","16","142"
"Voluptates consequatur at eos tenetur voluptate asperiores qui. Sint enim qui earum est minima ab. Suscipit assumenda nulla qui ipsum voluptatem ipsum laudantium dolore. Quos voluptatem ullam molestiae sit deleniti ducimus ut aut. Quaerat laudantium excepturi numquam quis fuga cumque culpa corrupti. Consequatur consectetur consequuntur eos esse at omnis.","2021-05-04 20:54:47.108+03","17","144"
"Voluptas dolores perspiciatis ut voluptates quis vel alias qui quas. Doloribus recusandae sed in fugiat similique in consequatur perspiciatis maxime. Molestiae velit facilis quia ipsa quae est.","2021-05-26 18:46:28.790+03","18","144"
"Alias harum totam dolore doloribus dolores quia. Aut voluptatibus provident laborum quisquam suscipit. Ducimus quia quibusdam deserunt velit distinctio. Aut dolores laboriosam aliquid eos. Necessitatibus rerum rerum ut quam aut aut et quam.","2021-05-28 17:05:12.840+03","1","145"
"Voluptatem et non. Ea fugit officia nihil. Similique qui cumque excepturi.","2021-05-26 22:36:55.969+03","6","145"
"Minima perspiciatis omnis et id ut et. Repudiandae accusamus fugiat nihil corporis numquam aut molestiae ut incidunt. Ratione eligendi dolorem qui hic et id fugit. Quo qui cumque qui. Qui vel accusamus voluptatem ab fugiat quibusdam doloribus odit illum.","2021-05-24 18:32:29.827+03","6","147"
"Ea soluta porro tempora et ut exercitationem cumque laboriosam animi. Voluptatem molestiae facilis blanditiis. Est consequuntur dolorem. Numquam sint in dolore quam quod dignissimos voluptate. Cumque ut commodi autem cum et esse.","2021-05-30 01:44:56.670+03","8","147"
"Omnis est corporis ut eaque. Sed quis minus asperiores. Facere et fuga est mollitia mollitia et. Est expedita laborum et voluptate ut totam possimus atque. Debitis odio libero.","2021-05-21 15:04:46.994+03","5","148"
"Aut nihil rerum. Quidem occaecati facilis magnam unde quam. Quia incidunt maxime. Quibusdam qui autem nihil. Labore vero numquam dicta nemo ut.","2021-05-02 04:25:29.183+03","13","149"
"Quis molestias maxime facilis facilis sunt est possimus. Illum tempora inventore eius qui vel eaque dolorem omnis. Neque ut quasi in laudantium dolore. Aut fuga voluptates quisquam porro aut et fugit consectetur. Similique ipsa harum eos ratione enim consequatur rem debitis voluptatem.","2021-05-12 10:35:28.455+03","14","150"
"Aliquam est harum et nulla ex eum illum dolores. Tempora omnis perferendis dolor praesentium quidem sint quidem quae sit. Repudiandae voluptatem quae quia libero sapiente molestiae necessitatibus. Vero blanditiis molestias vel nihil deserunt sed neque et. Reiciendis nulla aspernatur hic totam quidem perspiciatis quia quo.","2021-05-14 22:50:41.316+03","16","154"
"Ipsum enim magni adipisci saepe sed aliquam. Nesciunt nostrum dolor. Ab et non sunt consequatur quis dignissimos. Velit occaecati aliquid aut ut odit. Enim magni voluptatem quia odit.","2021-05-14 00:36:53.894+03","5","155"
"Rerum tempore qui suscipit fugiat. Dolores quam nihil voluptas qui. Ratione sunt repellat quam.","2021-05-22 17:33:12.834+03","20","156"
"Nostrum assumenda nesciunt quis nam deserunt sed accusamus. Provident velit delectus expedita natus maxime. Omnis repellendus quod dolorem eveniet ut sunt consequatur veniam. Voluptas quia iure rerum possimus. Necessitatibus sint suscipit officia odio repudiandae sit. Ea dolore saepe itaque consectetur ratione ut earum omnis tenetur.","2021-05-20 23:07:51.235+03","4","156"
"Perspiciatis dolorem non illum dolores et magnam et ipsa reiciendis. Quas at nihil quod iure necessitatibus nemo. Provident ipsa accusamus ad iste non sit debitis in. Facere molestiae eum sapiente occaecati repellat nisi illo commodi nulla. Sit quia beatae omnis nulla.","2021-05-25 00:10:36.759+03","17","158"
"Saepe asperiores repudiandae voluptatibus assumenda nemo beatae rerum. Eos blanditiis earum totam et molestiae aut eaque est. Delectus ut iure quidem magnam. Tempora et quo aut eaque aut tenetur perspiciatis officiis iste. Ut et ut nulla sed quis tenetur illo minus.","2021-05-17 12:39:11.082+03","17","158"
"Reiciendis velit fuga quaerat sed reiciendis dolorum illum unde. Recusandae omnis est hic numquam est distinctio non numquam. Nesciunt quidem perspiciatis aperiam libero. Voluptatem et voluptates. Dolorum ut ea accusamus.","2021-05-18 23:57:53.136+03","3","159"
"Reprehenderit harum atque voluptatem recusandae rem facilis itaque quos. Necessitatibus consequatur itaque cumque nihil sit accusamus totam enim quo. Magni tempore dolorem perferendis omnis minus velit sed. Et voluptas voluptas totam architecto nemo.","2021-05-04 11:37:03.189+03","16","160"
"Laborum dicta fuga voluptates aut quibusdam. Totam id consectetur quidem eveniet consectetur. Rerum reprehenderit suscipit amet. Qui et velit non reprehenderit.","2021-05-28 08:53:53.337+03","10","161"
"Ut iure placeat sit corporis deserunt est. Quo fuga eum. Quisquam quia a placeat distinctio.","2021-05-21 01:54:55.030+03","3","161"
"Est tenetur reprehenderit voluptatem natus quo doloribus ad quia. Qui et voluptate sed ut voluptatum dolorem. Aut modi beatae nisi possimus expedita inventore id. Facere placeat facere consectetur omnis molestiae. Sint quos eum aliquid fugiat non impedit perspiciatis iure deserunt.","2021-05-02 12:06:39.224+03","15","162"
"Et quod earum. Qui velit veritatis quidem voluptatem magni vero. Ab odit ducimus dolores sit dolorem.","2021-05-22 04:22:30.886+03","9","163"
"Dolor velit voluptate quibusdam mollitia mollitia eligendi dolores. Qui nostrum illum veniam nulla reiciendis aliquid nihil quia. Eos delectus placeat blanditiis qui architecto repellendus. Numquam praesentium iusto deleniti repellendus itaque praesentium. Numquam quod eligendi voluptatum ut voluptatem. Veritatis est ab ut sit.","2021-05-23 13:59:46.300+03","4","164"
"Aperiam perspiciatis fugiat beatae et quae fugiat. Pariatur veniam explicabo excepturi qui aperiam sit repellat dolorem maxime. Odit nemo eius aut aut. Consequatur vel qui ipsum quibusdam quisquam natus. Illum eligendi facere cumque et consequatur et. Aliquid aut perferendis eos error dolorem quam saepe rerum aut.","2021-05-10 11:32:45.307+03","19","165"
"Dolor ut qui esse. Quis pariatur sequi laborum rerum placeat nulla. Veniam enim corporis eligendi magnam minus ut. Dicta atque omnis maiores beatae adipisci ratione nemo. Quibusdam quia voluptatem facere iure possimus neque. Ut et magnam aut velit quasi est exercitationem accusamus nihil.","2021-05-18 21:25:13.325+03","3","168"
"Totam magni deserunt rerum consequatur et voluptas labore assumenda laboriosam. Et iusto fuga. Explicabo et officiis modi harum.","2021-05-22 07:31:49.393+03","5","168"
"Expedita exercitationem fugiat iusto autem tempore libero illo. Laborum voluptas eos minus voluptatem nostrum autem qui. Delectus nam ut adipisci quia aut corporis. Deleniti placeat reprehenderit consectetur dolorem nobis nihil in. Ad sint veniam ab reiciendis temporibus sequi quidem amet.","2021-05-25 17:46:32.155+03","5","169"
"Accusantium ullam tempore labore nesciunt harum tenetur. Vel dolorum dignissimos id omnis qui consequuntur autem. Corporis accusantium fugiat ut praesentium ut ut illum voluptatem et. Expedita aut eos dolore. Sunt provident itaque aut vero animi ratione eius aut. Voluptas molestiae quia sapiente tempore quas laboriosam.","2021-05-23 17:06:02.309+03","15","169"
"Quo amet ipsam fugit debitis atque veritatis. Ab occaecati omnis eos aliquam ut distinctio. Reprehenderit voluptas doloribus voluptatum rerum similique perspiciatis inventore. Tempora ab sed dolorum harum et minima tenetur. Sit non ut voluptate distinctio qui quas sit qui.","2021-05-22 11:37:01.207+03","9","170"
"Ut veniam eum nam omnis libero reiciendis nam iure. Dolor qui porro. Dolor quam id doloribus reiciendis. Aliquid suscipit architecto suscipit praesentium illum unde nulla consequatur.","2021-05-24 04:00:44.043+03","6","170"
"Voluptatem at alias in ipsum quasi beatae sunt quibusdam libero. Doloribus ut sunt. Ad adipisci eaque veniam aut. Optio id distinctio ut pariatur ducimus ad minus.","2021-05-06 08:16:00.280+03","16","171"
"Voluptatem quos dignissimos dolorem tenetur expedita. Velit velit et voluptatem sint sapiente autem. Sint distinctio distinctio error quas et. Optio alias rerum aut sit molestiae eos sequi.","2021-05-05 22:13:34.340+03","10","174"
"Laudantium fugiat ut totam deleniti voluptatem ipsa voluptate id ut. Ut et eaque voluptatem amet id. Exercitationem in id architecto minima eum voluptas eaque. Placeat asperiores dolor temporibus est facilis et id architecto ab. Dolorem ut voluptate iure sit inventore nihil et aut. Illo officiis non animi facere voluptas hic aut.","2021-05-21 23:32:52.337+03","5","174"
"Possimus ea nemo recusandae et id ipsa nam iste. Fugit quod corporis perspiciatis voluptatum ipsa ut possimus quis. Repellendus rem ut quasi non sequi dolores quisquam id ipsum. Eos ut debitis quia et neque praesentium voluptatem.","2021-05-09 11:22:46.443+03","1","175"
"Quia deserunt ratione iusto vel nihil aliquid iure quia. Quis ut quia debitis sapiente nihil alias illum sapiente voluptatem. Esse facilis ipsum quidem asperiores sequi molestiae optio est ea. Iure mollitia fugiat ut.","2021-05-26 05:39:58.284+03","11","176"
"Autem sed eius distinctio ut rem rerum consequatur a. Beatae est voluptate fuga maiores iure. Dicta consectetur odio.","2021-05-14 15:03:22.228+03","10","176"
"Exercitationem id quo temporibus sunt tempore molestiae est. Ipsam asperiores itaque quae. Nisi at consequatur iure natus sint aliquam est magnam.","2021-05-04 01:20:28.198+03","14","178"
"Optio occaecati voluptates. Recusandae expedita totam minima. Eum pariatur natus autem.","2021-05-01 12:10:57.185+03","8","178"
"Necessitatibus provident et at qui. Et in et veniam repellat deleniti ullam consequatur. Suscipit tempora labore culpa est sit eligendi laborum earum. Et qui repudiandae ducimus.","2021-05-23 09:28:52.082+03","20","179"
"Nulla qui hic ut incidunt. Nisi praesentium numquam natus saepe. Ratione cupiditate deserunt incidunt nemo ipsum eum libero maxime cumque. Quia assumenda repellendus quia nam id quod. Velit et voluptatem nobis eveniet dolor non delectus aut reiciendis. Amet dignissimos reprehenderit perferendis autem voluptatem quod deserunt eius quos.","2021-05-10 13:44:58.234+03","1","181"
"Et numquam temporibus nemo adipisci aut sapiente illum in cupiditate. Voluptatem vero placeat ea est velit debitis iusto. Sequi expedita illo aut dignissimos. Aliquid aut consectetur. Consequatur enim eum id veritatis et quaerat dolore rerum velit. Recusandae impedit quisquam.","2021-05-27 19:59:47.688+03","3","182"
"Laborum harum nisi quam eaque consequatur veniam repellat voluptate. Delectus qui est molestiae occaecati qui illo at. Quibusdam est quia et est consequatur quo.","2021-05-18 17:39:46.133+03","19","182"
"Occaecati dolor at fugit voluptas. Consequatur quaerat eos quia earum est. Tempore dolor voluptas quos. Sit magni ipsum harum consequatur. Deserunt ea unde ut cupiditate. Eos sint commodi.","2021-05-28 01:18:40.825+03","14","183"
"Et autem corporis sed. Tenetur aut impedit ab. Et consequuntur est ea. Rerum sequi dolor. Eos a nobis id error minima harum soluta.","2021-05-23 13:18:31.237+03","8","183"
"Dicta quasi qui et rerum corporis. Illo eos rem. Sed delectus asperiores ipsum ea quas.","2021-05-03 12:18:40.064+03","5","184"
"Accusamus ipsam architecto eveniet voluptates numquam. Eaque nobis voluptatem voluptas sequi adipisci maxime voluptatem saepe. Quaerat saepe alias illo velit. Libero sint beatae. Sit vel odit ex.","2021-05-06 13:37:20.221+03","19","184"
"Magnam et quae est sit repudiandae. Voluptatem sint hic consequatur omnis quis. Perferendis aut sit recusandae nulla. Eveniet illo laboriosam animi voluptate aliquam quo omnis nostrum. Omnis ad molestias esse aut assumenda accusamus iusto vel reiciendis. Distinctio asperiores aut ab et et repellat ab aut voluptas.","2021-05-05 05:59:22.244+03","19","185"
"Doloribus mollitia debitis accusamus quidem. Exercitationem nam eius est suscipit voluptatibus iste eos nobis. In consequatur nesciunt non. Quia voluptate repellendus quis porro explicabo dolores voluptas. Nostrum qui odit beatae et a magnam.","2021-05-08 12:23:26.144+03","7","186"
"Dolores qui error at debitis magnam molestiae praesentium ullam ut. Ipsa voluptates repudiandae maxime mollitia beatae placeat sint debitis. Dolor ut laboriosam dolorem aut velit temporibus quia aspernatur. Non iste vel rerum explicabo illum corrupti numquam.","2021-05-27 10:11:18.738+03","10","186"
"Voluptatum eligendi iusto. Quia libero quis laboriosam optio pariatur saepe illo ex. Quos numquam dolor. Praesentium eveniet eos. Enim nesciunt accusantium tempora atque qui rerum.","2021-05-20 23:52:10.816+03","15","188"
"Distinctio unde omnis id qui inventore sit. Est exercitationem laboriosam quaerat atque maxime inventore est dolorum. Quos veniam eaque. Enim repellendus error voluptatibus molestiae sit. Animi adipisci vitae.","2021-05-27 06:42:10.412+03","6","188"
"Rerum vel aut porro saepe impedit temporibus repellendus. Perspiciatis deserunt est qui. Laboriosam corrupti quo corporis. A modi reprehenderit vero impedit.","2021-05-29 03:40:54.635+03","10","190"
"Labore molestiae explicabo quisquam ut. Ipsam omnis quos minima accusantium eum expedita et corporis. Voluptatibus tenetur sed debitis enim est.","2021-05-15 19:06:01.759+03","14","190"
"Possimus consequuntur qui id est voluptas voluptatem. Modi ipsam aut et. Voluptas necessitatibus consequatur. Beatae ipsam omnis qui omnis consequatur et. Quis dolores omnis voluptates beatae eum qui est autem porro.","2021-05-06 18:50:26.140+03","17","191"
"Et temporibus ipsam ut provident recusandae ut officia velit. Recusandae velit eum enim. Provident dignissimos inventore recusandae minus. Quia architecto magnam. Doloremque voluptate et.","2021-05-26 04:34:56.312+03","2","191"
"Nam rerum unde cum nihil. Ut eos ut iste aliquam non ea. Laudantium et magni voluptatum. Repellat hic et veniam doloribus.","2021-05-04 22:22:24.859+03","6","194"
"At officia velit et laudantium quas. Et delectus sit vero adipisci dignissimos ut reprehenderit commodi. Ex quo ab optio amet libero mollitia. Et ullam quisquam sunt neque amet doloremque suscipit tempore.","2021-05-14 01:33:45.290+03","3","194"
"Blanditiis maxime debitis dolores voluptatem. Fuga qui aliquam dolorum qui. Qui ut vero minima harum vel et aspernatur unde et.","2021-05-30 15:00:41.471+03","14","196"
"Laboriosam voluptates quod quia. Voluptatum facere aliquid corporis fugiat maxime sit culpa consequatur voluptatibus. Tenetur velit repellendus quod. Ullam et maiores corporis molestiae. Qui atque totam quisquam eius rerum. Suscipit amet nam quibusdam voluptas sit hic voluptate dolores est.","2021-05-29 04:15:38.406+03","16","196"
"Labore sed rerum ipsa eius officia. Aperiam nemo aperiam corrupti dicta eaque dolore harum voluptatem assumenda. Possimus veniam autem dicta.","2021-05-02 12:40:09.813+03","12","197"
"Ut et temporibus perferendis hic cupiditate qui architecto. Consequatur provident et est aut. Velit quasi at laboriosam excepturi. Commodi eum fuga est provident officia possimus illo aliquam. Aspernatur earum voluptatem. Reprehenderit saepe alias debitis et aut voluptatem culpa occaecati doloremque.","2021-05-21 11:08:55.785+03","9","198"
"Placeat alias aliquam. Consequuntur cum atque et minima at. Quo nemo et nobis quo.","2021-05-28 15:05:50.656+03","14","199"
"Nihil modi mollitia aut labore consequatur earum error tempore et. Unde consequatur qui cumque velit deserunt iste itaque quo. Autem quam quidem voluptatem aut et deleniti. Est delectus nisi dolorum est. Nam ut rem omnis sed aut recusandae quasi. Quo et voluptatibus tempore.","2021-05-20 12:31:02.907+03","7","199"
"Sint corporis dolore voluptas. Error consequatur omnis occaecati quisquam excepturi. Provident facilis id illum laborum ut eum laborum porro odit. Necessitatibus animi officia veritatis et. Ut beatae illo.","2021-05-04 09:23:13.319+03","5","200"