"name","QuestionsId"
"commodi","1"
"sed","1"
"corrupti","1"
"magni","1"
"sint","1"
"voluptatem","2"
"nostrum","2"
"ex","2"
"consequatur","2"
"omnis","2"
"necessitatibus","3"
"aut","3"
"saepe","3"
"corporis","3"
"ipsa","4"
"veniam","4"
"fugiat","5"
"quia","5"
"animi","5"
"sunt","5"
"voluptatem","6"
"ratione","6"
"aut","7"
"totam","7"
"minima","7"
"soluta","7"
"eos","7"
"qui","7"
"explicabo","8"
"possimus","9"
"assumenda","9"
"laboriosam","9"
"perspiciatis","9"
"distinctio","9"
"vel","9"
"fugiat","10"
"ipsum","10"
"ut","10"
"corrupti","10"
"fugiat","11"
"molestiae","11"
"possimus","11"
"officia","11"
"adipisci","12"
"est","13"
"ab","14"
"ut","15"
"a","15"
"autem","15"
"at","15"
"magnam","16"
"enim","16"
"deleniti","16"
"possimus","16"
"laborum","16"
"quia","17"
"in","18"
"dolores","18"
"illum","18"
"tempora","18"
"repudiandae","18"
"aut","19"
"voluptatem","20"
"earum","21"
"at","21"
"laudantium","21"
"molestias","21"
"dolorem","22"
"sunt","22"
"ratione","22"
"rerum","23"
"vitae","23"
"mollitia","23"
"natus","23"
"ab","23"
"blanditiis","23"
"totam","24"
"expedita","24"
"molestias","25"
"dignissimos","25"
"porro","25"
"vel","25"
"dolorum","25"
"ratione","26"
"est","26"
"tempore","26"
"fugit","27"
"placeat","27"
"fugiat","27"
"sed","28"
"repellat","28"
"qui","28"
"omnis","28"
"amet","29"
"quis","29"
"commodi","30"
"quas","30"
"ut","30"
"et","31"
"voluptatem","31"
"dignissimos","32"
"neque","33"
"porro","33"
"qui","33"
"itaque","34"
"quaerat","34"
"voluptatem","35"
"est","35"
"repudiandae","35"
"id","35"
"iusto","36"
"sunt","36"
"at","36"
"et","37"
"itaque","37"
"sapiente","37"
"fugit","38"
"est","38"
"aut","39"
"aliquam","39"
"eum","40"
"sunt","40"
"ratione","41"
"eum","42"
"minus","42"
"autem","42"
"corrupti","42"
"nam","42"
"adipisci","42"
"aut","43"
"quo","43"
"eaque","44"
"quia","44"
"eius","44"
"aut","44"
"veritatis","45"
"officia","45"
"in","46"
"nam","46"
"voluptas","46"
"ullam","46"
"neque","47"
"ipsa","48"
"sit","49"
"nam","49"
"ut","49"
"pariatur","49"
"voluptas","49"
"aliquam","49"
"odit","50"
"quaerat","51"
"rerum","51"
"earum","51"
"et","52"
"et","53"
"tempora","53"
"quia","53"
"sit","53"
"dignissimos","53"
"corporis","53"
"voluptas","54"
"expedita","54"
"et","54"
"at","55"
"ex","56"
"quod","56"
"iusto","56"
"enim","56"
"vel","57"
"ullam","57"
"rerum","58"
"excepturi","58"
"aperiam","58"
"voluptas","58"
"aliquid","58"
"dolor","58"
"ullam","59"
"quis","59"
"quasi","59"
"est","59"
"consequatur","60"
"et","60"
"odit","60"
"velit","60"
"esse","60"
"quam","61"
"a","61"
"consequatur","61"
"dignissimos","61"
"qui","62"
"veritatis","62"
"magnam","62"
"dignissimos","62"
"cupiditate","62"
"corrupti","63"
"explicabo","63"
"illum","63"
"velit","63"
"quia","63"
"molestias","64"
"eos","65"
"quisquam","66"
"saepe","66"
"veniam","66"
"facere","67"
"nemo","67"
"dolor","67"
"a","68"
"magnam","68"
"culpa","68"
"id","69"
"quia","69"
"eius","70"
"reprehenderit","70"
"dolorem","70"
"nihil","70"
"aut","70"
"dolor","71"
"ut","72"
"minima","72"
"sit","73"
"occaecati","74"
"modi","74"
"corporis","74"
"autem","74"
"dolorem","74"
"adipisci","74"
"molestiae","75"
"non","76"
"molestiae","76"
"distinctio","76"
"minima","76"
"deserunt","76"
"repellat","76"
"culpa","77"
"aut","77"
"enim","78"
"labore","78"
"odio","78"
"possimus","79"
"velit","79"
"dolorem","79"
"sed","79"
"nobis","79"
"non","80"
"et","80"
"enim","80"
"vero","80"
"et","81"
"perspiciatis","81"
"in","81"
"aperiam","81"
"eum","82"
"modi","82"
"et","82"
"soluta","82"
"expedita","83"
"soluta","83"
"aliquid","83"
"omnis","84"
"deleniti","84"
"aperiam","84"
"enim","84"
"beatae","85"
"et","85"
"in","85"
"amet","85"
"et","86"
"nostrum","86"
"corrupti","86"
"minima","87"
"ratione","87"
"occaecati","87"
"corporis","88"
"omnis","88"
"ipsum","88"
"natus","89"
"iusto","89"
"harum","89"
"accusantium","90"
"placeat","90"
"ea","90"
"quis","90"
"eum","90"
"voluptate","91"
"officiis","91"
"animi","92"
"et","92"
"sit","92"
"minus","92"
"qui","93"
"id","94"
"sit","95"
"et","95"
"iste","96"
"ad","96"
"iure","96"
"dolorem","96"
"corporis","96"
"quia","96"
"doloremque","97"
"ratione","97"
"aut","97"
"minima","98"
"eveniet","98"
"eum","98"
"ut","98"
"voluptatibus","98"
"enim","99"
"id","99"
"ab","99"
"possimus","100"
"facilis","100"
"omnis","100"
"perspiciatis","100"
"beatae","100"
"quam","101"
"voluptatibus","101"
"facere","101"
"beatae","102"
"nisi","102"
"qui","102"
"explicabo","103"
"maiores","103"
"nihil","104"
"eos","104"
"error","104"
"repellendus","104"
"aut","105"
"repellendus","105"
"possimus","105"
"et","105"
"cupiditate","106"
"et","106"
"dignissimos","106"
"recusandae","107"
"neque","107"
"ut","107"
"tempore","108"
"in","108"
"libero","108"
"sed","108"
"dolores","108"
"et","108"
"itaque","109"
"dolor","110"
"aut","110"
"voluptates","110"
"eaque","110"
"atque","110"
"quia","111"
"exercitationem","111"
"eos","111"
"ipsam","111"
"et","111"
"autem","111"
"ratione","112"
"in","113"
"facilis","113"
"saepe","113"
"perspiciatis","113"
"occaecati","114"
"omnis","114"
"distinctio","114"
"dolorem","114"
"quo","114"
"rem","114"
"eos","115"
"qui","116"
"quis","116"
"alias","116"
"quos","116"
"quod","116"
"ipsum","117"
"ea","117"
"totam","117"
"voluptas","118"
"maiores","118"
"molestiae","119"
"aut","119"
"est","119"
"laboriosam","119"
"qui","119"
"nihil","120"
"recusandae","120"
"molestiae","120"
"quis","120"
"quia","120"
"saepe","121"
"repellat","121"
"eos","121"
"facilis","121"
"atque","121"
"voluptatem","121"
"officia","122"
"quaerat","122"
"aut","122"
"saepe","122"
"ratione","123"
"quasi","123"
"quae","123"
"vel","123"
"odit","123"
"sint","123"
"ut","124"
"minima","125"
"ipsa","125"
"ullam","125"
"esse","125"
"ex","125"
"sint","125"
"asperiores","126"
"quos","126"
"omnis","126"
"totam","126"
"facere","126"
"at","127"
"voluptas","127"
"nihil","127"
"minus","127"
"iure","127"
"reiciendis","127"
"neque","128"
"eum","128"
"quia","128"
"ipsa","128"
"labore","128"
"inventore","128"
"aut","129"
"quidem","129"
"natus","129"
"ut","129"
"ipsa","129"
"fuga","130"
"ea","131"
"fugit","131"
"qui","131"
"est","131"
"blanditiis","132"
"culpa","132"
"molestias","133"
"sunt","134"
"perspiciatis","134"
"fugit","135"
"aut","135"
"veniam","135"
"nam","135"
"quidem","135"
"fugit","136"
"omnis","136"
"natus","136"
"eum","137"
"odio","137"
"molestiae","137"
"rerum","138"
"eius","138"
"voluptates","138"
"sit","138"
"harum","139"
"iste","139"
"quas","139"
"sint","139"
"quo","139"
"sed","140"
"sit","141"
"perferendis","141"
"quo","141"
"culpa","141"
"eaque","141"
"quia","141"
"officia","142"
"impedit","142"
"ab","143"
"voluptas","144"
"tempora","144"
"qui","144"
"est","144"
"ut","144"
"harum","144"
"enim","145"
"rem","145"
"laudantium","145"
"maxime","145"
"dolorem","146"
"esse","146"
"dolore","146"
"rerum","147"
"officiis","148"
"quo","148"
"error","148"
"quia","148"
"aut","148"
"omnis","148"
"expedita","149"
"quia","149"
"impedit","150"
"voluptatum","150"
"voluptatem","150"
"est","150"
"alias","151"
"quibusdam","151"
"saepe","151"
"eaque","151"
"vel","151"
"amet","152"
"aperiam","152"
"magnam","153"
"qui","153"
"saepe","153"
"maiores","153"
"sint","153"
"autem","154"
"rerum","154"
"et","155"
"consequatur","155"
"laboriosam","155"
"dolor","155"
"eius","156"
"minima","156"
"velit","156"
"vero","156"
"autem","157"
"aut","157"
"sit","157"
"iusto","158"
"beatae","158"
"dolor","158"
"nobis","158"
"non","158"
"eos","159"
"recusandae","159"
"dicta","159"
"in","159"
"ex","160"
"neque","161"
"laborum","162"
"rerum","163"
"nostrum","164"
"eligendi","164"
"et","164"
"accusantium","164"
"voluptatem","164"
"asperiores","164"
"animi","165"
"nobis","165"
"non","166"
"porro","166"
"qui","167"
"et","167"
"tempora","168"
"rerum","168"
"sint","168"
"aliquid","168"
"totam","169"
"maiores","169"
"quae","169"
"excepturi","169"
"aut","169"
"minus","169"
"occaecati","170"
"ipsam","170"
"omnis","170"
"aut","170"
"dolorem","170"
"unde","171"
"dolore","171"
"quia","172"
"iusto","172"
"et","172"
"ex","172"
"accusamus","173"
"facere","173"
"ut","174"
"aut","174"
"sed","174"
"assumenda","175"
"odit","175"
"ea","175"
"sint","175"
"molestiae","175"
"culpa","175"
"numquam","176"
"voluptatem","176"
"delectus","176"
"repudiandae","176"
"libero","177"
"possimus","178"
"tempore","178"
"ullam","178"
"blanditiis","178"
"laudantium","178"
"placeat","179"
"omnis","179"
"cum","179"
"et","179"
"pariatur","180"
"recusandae","181"
"consequatur","181"
"dolores","181"
"sunt","182"
"facere","183"
"assumenda","183"
"consequatur","183"
"vel","183"
"quia","183"
"non","183"
"sint","184"
"dolor","184"
"vel","184"
"qui","184"
"sapiente","185"
"quis","185"
"nihil","185"
"asperiores","185"
"pariatur","186"
"tempora","186"
"et","186"
"voluptates","186"
"ab","186"
"temporibus","187"
"veniam","187"
"sint","187"
"consectetur","187"
"eos","187"
"itaque","187"
"provident","188"
"est","189"
"ea","189"
"dicta","190"
"minima","190"
"provident","190"
"voluptatibus","190"
"modi","190"
"sit","191"
"ut","191"
"optio","191"
"et","191"
"possimus","191"
"non","192"
"debitis","192"
"qui","193"
"sit","193"
"labore","194"
"reprehenderit","195"
"deleniti","195"
"culpa","196"
"optio","196"
"accusantium","196"
"error","196"
"nulla","196"
"inventore","197"
"enim","197"
"amet","198"
"animi","198"
"ex","198"
"earum","199"
"ut","199"
"non","199"
"dignissimos","199"
"voluptatum","200"
"qui","200"
"enim","200"