"title","text","dateCreated","UsersId"
"Ut expedita velit est voluptatibus quae quod quibusdam?","Iste modi officia. Libero voluptas quidem quo quisquam modi dignissimos cum. Magni pariatur et voluptatum dicta fugiat minus et minus est.","2021-05-10 11:32:07.754+03","2"
"Adipisci iure sint commodi veritatis deleniti sit ullam iste?","Quas dignissimos dignissimos commodi accusamus nisi rerum possimus dolorem neque. Dolore voluptatem nisi. Sit atque aspernatur beatae voluptate.","2021-05-16 02:00:05.932+03","3"
"Quas animi fugiat dolorum nobis quos nam?","Quod architecto velit alias sit voluptas quibusdam sint. Est quo ipsum at et ratione blanditiis quo voluptas. Provident ex quia sed placeat nobis dolorem vel repellendus. Et culpa adipisci architecto. Dolore ex quis porro dolor porro ex doloribus magni ipsam.","2021-05-03 13:29:01.010+03","20"
"Adipisci ipsa numquam iste qui?","Magnam adipisci est sunt aut corrupti. Veniam magni vitae harum quas deleniti. Et deleniti sed.","2021-05-17 03:23:05.246+03","14"
"Animi et vel excepturi velit ad tempora qui in quisquam?","Voluptatem reiciendis repellat reprehenderit doloribus alias alias quaerat. Ea quibusdam ea adipisci a. Et quia praesentium vitae est. Iste soluta voluptatem mollitia nihil perspiciatis corporis eius voluptas mollitia. Non sed ut voluptas.","2021-05-18 07:49:04.334+03","18"
"Non aut dolores fugit fugiat et animi iure assumenda?","Quia consequatur sint doloribus. Aperiam adipisci corporis debitis sit consectetur culpa vero voluptatem. Fugiat aut est non similique id laboriosam ut voluptatem omnis. Deleniti doloribus nesciunt molestiae aut id repellendus nobis. Ducimus in sequi sint et quia amet.","2021-05-02 12:00:22.768+03","13"
"Ratione sint qui omnis praesentium qui?","At autem voluptatum aliquid eveniet. Velit incidunt dolores fuga iste laborum. Enim est impedit.","2021-05-09 19:58:22.063+03","8"
"Perferendis error ab et quis odio nihil harum a dolores?","Et optio voluptas optio maiores. Aut consequuntur architecto reprehenderit qui soluta accusantium id voluptatem. Aut ratione voluptatem recusandae nisi ut porro id odio culpa. Distinctio molestiae illo temporibus vel et eum debitis.","2021-05-22 17:09:17.968+03","17"
"Dolor quae fugiat nesciunt aliquid voluptas?","Ut amet et optio totam a nesciunt neque. Rerum rerum est ut. Natus molestias nihil omnis sed. Delectus quisquam incidunt. Quia placeat ad quod amet qui sed et sequi quam. Laudantium quia eos autem dolorem.","2021-05-29 12:51:54.545+03","19"
"Delectus soluta quasi molestiae?","Et fugiat placeat. Consequatur alias quaerat alias ut sit. Quis quam deleniti distinctio earum ut quia quasi voluptas aperiam. Velit possimus quo velit eligendi et id corrupti fuga iusto. Qui omnis accusamus dolorem asperiores est dolores maiores. Asperiores occaecati qui omnis earum id.","2021-05-18 03:27:42.076+03","17"
"Aut labore aliquid tempora beatae perferendis quos non veritatis itaque?","Laudantium odit deserunt eum libero fugit dolor quis aut atque. Tempora et repellendus qui voluptatibus numquam delectus sunt ab perspiciatis. Voluptate quaerat cupiditate magni aliquid animi saepe corporis itaque sequi. Est eius laborum quam animi in alias quisquam asperiores nostrum.","2021-05-15 18:25:24.557+03","9"
"Illo et et tempore itaque unde similique itaque?","Quia consequatur animi dolore sint et tenetur. In amet ut modi occaecati cum alias quae reiciendis. Quia occaecati ut beatae. Incidunt aperiam tempore non.","2021-05-06 17:04:32.911+03","7"
"Omnis sit laboriosam alias reprehenderit corrupti earum tempore quo?","Facilis odio officiis labore et eum. Temporibus vitae excepturi ab reiciendis aperiam aliquid quidem. Sed repudiandae est commodi officia itaque. Sit et ea maiores ut perspiciatis. Esse praesentium ut nesciunt vel enim ratione aspernatur id. Delectus animi molestias molestiae aperiam labore voluptas.","2021-05-06 12:11:17.061+03","14"
"Ratione sapiente quia?","Laborum aut voluptate dolores tempore. Dolore error et facere quia eum reprehenderit dignissimos. Facere sit molestias eos odio tenetur enim aut. Deleniti deserunt soluta nobis. Velit velit eaque qui qui aliquam porro non. Iure doloribus voluptate quo est molestiae.","2021-05-02 13:56:28.467+03","12"
"Qui qui suscipit quidem architecto fuga voluptatem dolores?","Animi dolor voluptatem sit qui eos. Est dolor qui fugit voluptas perspiciatis consectetur sunt qui. Est magni deleniti odit. Exercitationem est nemo vel natus eum. Autem eos est et non animi officia excepturi minima laudantium. Blanditiis voluptas quidem ut qui aut numquam.","2021-05-22 19:29:37.736+03","17"
"Quod doloremque officiis magni blanditiis?","Accusantium qui sed ad id dolore alias est. Rem quibusdam blanditiis corrupti et est ut. Reprehenderit mollitia sit est facere accusamus.","2021-05-18 17:55:23.152+03","9"
"Quibusdam ut rem hic est perferendis labore?","At molestias pariatur temporibus nulla tempora. Omnis nemo nam totam. Numquam et deleniti vitae a itaque quaerat libero. Fuga dolor mollitia explicabo.","2021-05-11 12:01:11.521+03","14"
"Ducimus ducimus soluta saepe commodi?","Adipisci velit nemo fuga. Nobis non sed eveniet sit unde ipsam. Quis et illum et. Saepe et et sunt magnam impedit qui quo doloribus sint. Quo ipsa nesciunt minus est voluptatem quia est omnis cumque. Facere eius et consectetur maiores quasi quasi.","2021-05-06 09:21:33.729+03","4"
"Enim odit eius soluta error consequatur minima qui?","Nihil vero rerum nulla quod atque optio delectus. Eum laborum aut ullam vero laudantium consequatur non. Voluptates iure asperiores consequuntur repellendus error ipsa. Quaerat laborum non ipsa nesciunt eum est.","2021-05-22 03:56:44.122+03","16"
"Similique illum ex ut itaque et expedita?","Eveniet ipsum ut rerum quam quia recusandae. Minima labore omnis. Non facilis id molestiae officiis velit ullam rerum inventore. Iusto ex voluptate doloremque natus. Molestiae et occaecati illum et voluptates alias esse.","2021-05-29 08:49:44.284+03","17"
"Voluptatem cumque explicabo modi id asperiores?","Consequatur rerum id nihil. Ut aut pariatur sit culpa cumque sapiente cumque quae iure. Laudantium laudantium dolor dignissimos provident aut fugit corrupti. Quia inventore quia. Saepe ipsa quisquam illum ducimus enim.","2021-05-16 08:06:15.647+03","10"
"Numquam et modi quas pariatur laboriosam quia?","Qui maiores exercitationem aut qui optio velit. Nobis architecto vero corrupti aut sapiente et quae aut. Consequatur aliquam beatae et et in qui voluptatum. Amet quibusdam facere et ipsa repellat aut ut dolor consectetur. Deserunt error eveniet ut dignissimos vel. Dignissimos et nulla molestiae facilis delectus sapiente repellendus amet ea.","2021-05-22 00:25:43.802+03","10"
"Aut sed quasi quia rerum non?","Consequatur iusto eveniet occaecati ut magni qui totam et. Tenetur rem qui suscipit possimus qui quas et. Delectus et aut quos unde porro.","2021-05-15 13:16:09.409+03","4"
"Autem sit accusantium illo omnis?","Veniam atque voluptas. Quidem facere consequatur ut ad velit. Sapiente voluptate asperiores deserunt nam porro nihil sunt. Ea libero deserunt. Molestiae facere repellat iure ratione laborum enim nam. Esse odio aut dolorem maxime ut animi quas.","2021-05-26 15:23:42.668+03","2"
"Velit voluptas quae provident quis mollitia explicabo autem?","Neque et laboriosam voluptatem voluptas et commodi est architecto. Quo facere nulla ut voluptatem aliquid qui. Hic nostrum est et blanditiis officiis saepe provident a quis. Eaque ab consequatur qui.","2021-05-03 12:50:50.013+03","2"
"Aperiam minus facilis fugiat voluptatem?","Ipsum ad aut dolores nihil. Sint accusamus officiis aut quia. Ut ad exercitationem reprehenderit recusandae voluptatem repudiandae et ut. Quia dicta ut debitis eveniet recusandae ipsam exercitationem. Et et maxime eligendi qui.","2021-05-27 03:59:28.203+03","7"
"Quo enim rem corporis?","Corrupti minima velit sint omnis doloremque. Quo non voluptas aut ullam non. Voluptatem voluptatem voluptate tenetur tempora quidem suscipit. Illo dolores voluptatem architecto quis assumenda et cum quidem deserunt. Animi quo modi esse.","2021-05-21 13:08:22.555+03","17"
"Autem et quia rerum vel excepturi?","Sed doloribus qui. Perferendis deleniti omnis aut neque natus ab et et. Quaerat rem blanditiis veritatis cumque deserunt et. Omnis id beatae esse porro sit quidem ut a.","2021-05-10 19:14:43.276+03","3"
"Est ea nemo voluptates voluptatem?","Doloremque error libero eos voluptatum. Autem enim ut commodi nostrum quos iste. Eum perferendis qui sit vel eligendi. Nisi totam facere. Repellat minima quae neque et.","2021-05-25 05:43:06.882+03","20"
"Rerum optio veritatis itaque occaecati vitae officia officiis fuga perspiciatis?","Odit ullam ratione assumenda omnis aliquam. Est provident voluptate nostrum ea. Laudantium similique assumenda distinctio aliquid distinctio incidunt debitis.","2021-05-15 18:46:43.723+03","4"
"Quo ipsum repellendus maiores ipsum vitae molestiae ut?","Voluptas saepe ipsa totam quos quas ad qui. Iusto ducimus at deserunt inventore quas eaque eos. Esse temporibus eum. Non ullam aperiam quo corrupti. Fugit autem laudantium amet distinctio.","2021-05-19 11:09:39.292+03","12"
"Eum et sed est voluptatum hic voluptas?","Corporis quos dolorum et et odit voluptatem occaecati facere. Temporibus sint et et consequatur. Expedita quibusdam et ex quaerat dicta vel qui delectus non. Totam non necessitatibus aspernatur voluptas. Omnis consequatur soluta aperiam.","2021-05-25 15:46:14.243+03","13"
"Quibusdam unde excepturi et et animi enim omnis qui consequatur?","Quisquam incidunt eum. Id repudiandae vero eligendi. Dolores quam atque beatae dolore nemo. Voluptatem quisquam magni. Reprehenderit est ut impedit maiores amet velit officiis facere numquam. Quasi natus ut porro tempore.","2021-05-27 18:38:13.370+03","11"
"Provident qui sapiente quia tempora officiis libero odit?","Veritatis qui occaecati est itaque maiores natus quos. Quibusdam architecto eum quo. Ipsam sed quibusdam cumque minus animi quo accusamus. Cumque et animi repellendus ex non magnam. Minima velit dolorem pariatur quis veritatis itaque est id. Necessitatibus veniam veniam illo.","2021-05-20 07:18:40.405+03","18"
"Consequatur modi dolore?","Et aliquid et qui occaecati aut sed consequatur ea eius. Ducimus labore aut adipisci blanditiis vel neque. Id est sed harum commodi. Et modi cupiditate quia at beatae. Quas in tempora dolores.","2021-05-27 14:31:03.695+03","13"
"Hic ex molestiae dignissimos id nam non tenetur?","Hic ipsam at exercitationem odio. Aperiam a et. Dolore aut quia dolorem dignissimos eius asperiores suscipit dolor dolores.","2021-05-01 09:44:35.713+03","16"
"Ea consectetur molestiae necessitatibus cumque?","Dolore atque illo omnis sed. Consequuntur aut quia eaque. Inventore animi omnis. Minus vel eaque sunt. Fuga rerum reprehenderit ullam eum totam repellendus.","2021-05-25 11:15:53.619+03","6"
"Laudantium vitae neque minima aperiam nisi aliquid facilis?","Asperiores nostrum delectus fugit vel. Soluta consequatur omnis fugiat sapiente iure et aut quis atque. Corporis quia maxime rem fugit natus. Voluptas voluptatem eum id architecto quis corrupti deserunt sed est. Consequatur iure perspiciatis neque nihil perspiciatis dolorem incidunt rem et.","2021-05-27 21:05:51.618+03","1"
"Quaerat ab quis vitae dolor repellendus autem non maxime id?","Est voluptatem blanditiis recusandae aspernatur omnis delectus aut. Iure et autem eligendi a accusamus molestias reiciendis odit. Perferendis sed amet repellendus occaecati cumque. Porro provident autem.","2021-05-01 09:50:52.594+03","19"
"Minus cumque maiores est ipsa expedita?","Voluptas culpa deleniti debitis iure id ea distinctio ut. Quia porro nesciunt eligendi quaerat dolorem cumque sed dignissimos. Necessitatibus omnis magnam qui aperiam.","2021-05-06 14:02:44.484+03","17"
"Magnam dolor et enim quia dolorem et ipsa?","Voluptates vel aspernatur laborum aut. Magni eum consequatur rem. Quod officiis exercitationem at laborum sint provident. Rem eius omnis provident enim et ut. Hic consequatur corrupti qui. Animi animi accusamus consectetur asperiores.","2021-05-14 11:30:02.705+03","18"
"Nobis ab provident enim ut ratione excepturi?","Dolore corrupti molestias quo dolores aut dolore et velit similique. Consequatur porro ut explicabo et. Eius aut fuga est. Iusto aut vel necessitatibus ut praesentium.","2021-05-02 09:29:37.009+03","13"
"Sit placeat sed dolorem?","Et eos eligendi cum dignissimos rerum fuga corporis magnam ut. Rerum porro non consequatur nam dolore incidunt repellendus aut quia. Similique ut in repudiandae fuga ex accusantium omnis mollitia voluptatem. Rerum eum ea.","2021-05-09 19:19:31.058+03","2"
"Quisquam pariatur vel iste omnis laborum tenetur sit et iusto?","Et facilis vero rem perspiciatis id est tempora. Officia expedita ea non corrupti qui non non consequatur. Dolores aut dolorum quidem voluptas. Dolores modi ut enim debitis qui sapiente soluta qui. Perspiciatis et autem.","2021-05-16 17:33:34.410+03","5"
"Quia at quia reprehenderit?","Quo placeat ipsam. Officia nostrum quam eum maiores repellat architecto ut. Quia ipsa cumque repellendus non. Et iusto necessitatibus optio. Nam et ab possimus voluptatem soluta similique natus.","2021-05-01 07:22:25.155+03","14"
"Est id voluptas?","Laboriosam aut dolorum qui repellat dicta architecto atque. Doloremque architecto a enim inventore animi officia aut. Possimus corrupti magni voluptatem id. Alias ipsum eius esse occaecati et. Facilis veniam sint saepe ut ipsam consequatur aliquid hic. Numquam blanditiis distinctio temporibus.","2021-05-05 04:56:13.618+03","5"
"Ut et voluptatibus doloribus accusantium repudiandae earum?","Qui aut numquam sit sit. Ex eos corporis accusamus quia distinctio. Voluptas et aperiam qui maiores accusantium ipsam vel quasi. Omnis voluptatem aut alias qui a qui voluptas ut dolorem.","2021-05-19 08:45:32.175+03","16"
"Non placeat ullam ea vel dolor?","Maiores et fuga omnis facilis alias possimus voluptates inventore. Veniam magni illo. Voluptatem aut debitis suscipit id tenetur. Tempore autem aut reiciendis esse eos mollitia voluptates enim.","2021-05-07 13:28:53.193+03","12"
"Mollitia voluptas ex et itaque nemo?","Illum non quo modi aut quis. Praesentium accusamus rerum harum assumenda aut nobis. Consequatur qui explicabo error ut nostrum doloremque perferendis iste quos.","2021-05-04 08:20:17.166+03","4"
"Voluptatem et recusandae excepturi consequatur officia voluptatem minima quaerat?","Dolor libero et. Neque ad id neque quisquam ad dolor nihil facilis quia. Id quisquam et necessitatibus ipsum minus est autem error. Soluta consequuntur sed commodi totam voluptatum. Reprehenderit cumque aut quasi a illum est omnis voluptatum.","2021-05-27 18:54:05.113+03","7"
"Qui ex adipisci numquam quibusdam architecto?","Autem recusandae nobis saepe corporis unde nam debitis omnis. Voluptas et quis quia voluptate repellendus soluta architecto reprehenderit ratione. Aliquid voluptatem nihil. Eligendi voluptates minus est quam harum optio magni. Et odit error voluptas et.","2021-05-19 16:22:55.461+03","19"
"Natus ab ut?","Iure accusamus quia totam labore minus qui debitis officiis. Saepe ea veritatis autem ea eaque. Similique et repudiandae reiciendis adipisci eos aliquid culpa. At sequi fugit quae voluptas qui. Impedit qui voluptates quo dignissimos in modi. Totam omnis ea architecto earum odio sequi delectus accusantium.","2021-05-01 08:28:42.847+03","8"
"Facilis rerum id esse?","Et accusantium itaque iste eos. Ad quia aut dolorem. Odio laudantium qui at quis nisi velit ea alias. Quis nam molestias asperiores qui. Occaecati provident amet dignissimos nemo asperiores repudiandae inventore reprehenderit ut. Eos ut esse praesentium.","2021-05-20 16:09:39.734+03","12"
"Ut est eaque iure qui a et?","Voluptas eveniet aut et eos praesentium commodi est sunt. Et ipsa nihil quia facilis ea nihil consequuntur excepturi. Adipisci eos voluptatem laudantium minima. Dolores non architecto quam laudantium consequatur aspernatur. Aspernatur nemo voluptas. Minus quis in totam quia enim.","2021-05-11 01:24:04.951+03","19"
"Sit repellat tempore?","Beatae dolores nulla minima et fugit quo. Aut nostrum facere optio et eveniet possimus assumenda sit ut. Voluptatem quasi aut.","2021-05-18 11:21:06.593+03","3"
"Recusandae odio ab voluptas?","Voluptas reiciendis vero sed aliquam provident rem. Accusantium consequatur sit. Temporibus maiores iste enim. Natus soluta expedita quisquam recusandae ut. Sunt cupiditate cum recusandae eos soluta eum est. Quae natus sint quo neque et assumenda tempore error.","2021-05-18 18:32:44.572+03","18"
"Quia vel et magni quaerat architecto asperiores velit?","Reprehenderit et ullam sint magnam. Nihil sit consequatur officiis et omnis deserunt. Fugiat quia laudantium. Et quia et corporis. Alias earum omnis corrupti quia sed dolorum sequi in.","2021-05-17 08:07:10.640+03","13"
"Sunt aut natus?","Expedita autem maiores nemo quam qui sapiente. Quam velit consectetur ea facilis consequatur. Eum recusandae nihil.","2021-05-10 00:32:56.886+03","8"
"Pariatur id et culpa?","Asperiores earum qui quia incidunt tempore qui. Quibusdam modi quia neque est ipsam animi et beatae. Quam eveniet sit aut eum. Quia totam modi qui corrupti odit minus. Minima aliquid autem. Aliquid dolorem ipsum quia dolore atque soluta consequatur qui.","2021-05-10 01:01:17.632+03","6"
"Provident repudiandae provident maiores?","Vero asperiores consequatur non quos accusamus. Et nobis facilis in nulla quia molestiae voluptatem quia. Eligendi cupiditate magni.","2021-05-06 02:27:58.238+03","10"
"Dolores molestias rerum nam autem?","Ea quia assumenda. Labore officiis aliquid ad. Facere explicabo quaerat quo ducimus cum praesentium delectus numquam.","2021-05-07 01:03:14.394+03","1"
"Deleniti voluptates quis quos sunt?","Neque velit libero in aut dolor est hic autem. Molestiae est ad nulla asperiores quia possimus doloremque. Nesciunt dolore quos aut odio esse quo.","2021-05-25 19:08:25.458+03","17"
"Exercitationem laudantium temporibus reprehenderit voluptas?","Itaque sed ut ut ullam eum nihil delectus cum. Inventore quas animi optio eveniet voluptas. Quia quia dolorem aspernatur.","2021-05-28 09:29:24.920+03","7"
"Sunt qui voluptas est dolorem ipsum placeat?","Quia earum magni quasi enim et ea voluptate iste. Ipsum provident incidunt distinctio veniam. Ullam omnis vel dolorem possimus repudiandae iusto sunt.","2021-05-26 12:12:56.602+03","4"
"Saepe quia fuga inventore at voluptas est voluptatem quae?","Veniam non vel ea animi sed eius nulla voluptatibus. Non consequatur mollitia voluptas accusamus sed ea qui quas quia. Ut accusantium provident soluta et consequatur. Voluptas aliquid neque sit. Expedita excepturi dolorem ullam quisquam ut voluptas ex aliquid eos. Laudantium aut nisi.","2021-05-25 22:08:21.390+03","17"
"Non est quia voluptatem saepe impedit?","Unde labore ea enim cumque aut aliquid architecto. Blanditiis voluptas et fuga accusantium nisi assumenda sapiente commodi. Voluptatibus inventore optio suscipit fuga officiis aut vel accusamus.","2021-05-19 16:23:46.805+03","11"
"Sequi aut animi voluptatem quas quas?","Et velit asperiores. Est voluptas aspernatur quaerat quidem suscipit ut pariatur in. Veritatis consequatur nulla doloribus delectus porro quibusdam error placeat impedit. Natus atque sapiente eaque at possimus doloribus dolore. Rerum pariatur voluptatem commodi veniam nostrum dolores nemo quo porro. Totam optio laudantium quibusdam autem inventore est.","2021-05-25 20:59:53.427+03","10"
"Aspernatur est est eaque reprehenderit consequatur aut beatae maxime?","Sunt doloremque odit eos esse ut magni et quia quam. Sequi placeat reprehenderit sit aut illo aliquam sed. Illo totam ipsam deserunt assumenda facere voluptas. Quia id voluptatum voluptatem eius. Autem quia et corrupti qui illo.","2021-05-12 23:59:11.019+03","8"
"Consequuntur nobis error?","Amet ut sed perferendis. Sequi voluptas laboriosam laborum minima laudantium voluptas. Impedit recusandae et molestiae. Hic eaque temporibus repellendus tenetur deserunt et.","2021-05-18 10:35:06.571+03","13"
"Pariatur ullam et deserunt saepe?","Suscipit et eos rerum natus eos. Nihil assumenda velit sit sunt possimus quas et et mollitia. Dolor cumque odio aut eum incidunt qui ea. Optio quod vel. Eum et in explicabo eos suscipit dolores sit est omnis. Voluptatibus minima suscipit neque aut natus dolores non cum.","2021-05-27 18:51:29.300+03","13"
"Nobis sed ex?","Nulla repellat quae et ut dolore ut. Consequatur rerum atque totam atque ratione amet odio perferendis fugiat. Sequi dolore laborum iure accusamus est.","2021-05-09 07:30:35.621+03","17"
"Qui vel nihil error non iure?","Earum illo neque alias exercitationem labore ut. Possimus exercitationem qui maiores vero dolore voluptates corporis nulla. Quae consequatur molestias aut.","2021-05-15 06:21:56.741+03","20"
"Sunt velit animi nihil a et ratione quae?","Est aspernatur enim minima quasi harum quaerat adipisci. Sunt aut amet facere id. Cupiditate qui fugiat aut. Nisi ipsum inventore magni et.","2021-05-23 02:19:14.099+03","16"
"Provident error sed atque veniam quo voluptate?","Nostrum est sapiente dolores suscipit quasi corrupti. Eum et fuga quisquam laudantium quia voluptatum. Omnis consequuntur ullam nisi reiciendis id tempora recusandae neque. Sequi magni perferendis sunt. Enim ut aut.","2021-05-25 09:45:08.741+03","19"
"Reiciendis sit praesentium voluptates quia nesciunt id consequatur maiores qui?","Laboriosam sint quo natus quibusdam in autem at vel magnam. Deserunt rem necessitatibus. Qui unde ratione laborum amet repellendus itaque aut. Quia perferendis dolores iste aut. Laboriosam labore nesciunt laudantium consequatur nam qui laborum. Doloribus illum doloribus consequuntur mollitia omnis iste sed excepturi esse.","2021-05-22 02:11:58.804+03","15"
"Quaerat nulla ea?","Asperiores impedit non quia nihil molestiae cumque quisquam vel ipsa. Harum et ipsum saepe et. Dolores aut enim necessitatibus quo voluptatum voluptas fuga est rem. Eos distinctio repellendus quia ipsa facere ullam numquam.","2021-05-27 18:21:51.105+03","13"
"Nesciunt quisquam accusantium temporibus odio quam?","Fugiat natus quisquam quam commodi voluptatibus iusto velit velit architecto. Fugiat ratione sint atque dolor officiis quis ut dolor. Ipsum vel minima voluptatum. Ipsa repellat sed optio voluptatum sunt omnis. Ipsum non aut laudantium eum ut neque animi.","2021-05-12 05:16:18.966+03","6"
"Illo expedita quis optio unde ipsa?","Consequatur dolores autem id esse in perspiciatis eum voluptatem. Nemo sit dolorum eaque eveniet. Iusto nulla quaerat delectus saepe. Qui aliquid cupiditate deleniti explicabo aliquid corrupti sunt natus mollitia. Veritatis accusantium voluptatem maiores nostrum nihil omnis maxime. Ea libero assumenda sed consequuntur debitis et et.","2021-05-29 11:55:17.281+03","14"
"Quae magni adipisci?","Laboriosam voluptatem quisquam sit expedita et. Et aliquam eveniet quia ea ut. Quibusdam eum repudiandae. Consequatur inventore quam in quam aliquam quasi quo veniam. Vitae et totam illo debitis minus.","2021-05-02 18:36:06.117+03","19"
"Sapiente iusto nihil maiores eveniet error?","Provident molestiae ducimus dignissimos. Molestiae praesentium quia libero in maiores magnam earum enim. Voluptas voluptatem quae et excepturi. Aut voluptas eum est libero.","2021-05-22 00:10:22.944+03","17"
"Qui qui qui rem et excepturi?","Qui ea labore odit aspernatur harum. Repellat eveniet maxime. Deserunt ut ducimus qui autem quia quis quidem aut. Doloribus possimus fugiat magni maxime.","2021-05-03 08:44:44.875+03","12"
"Adipisci qui officia numquam sit omnis neque?","Expedita quia et dignissimos nihil nesciunt ut. Non dolorem temporibus sunt veritatis soluta dolorum. Sit ipsa ducimus quaerat.","2021-05-14 03:46:55.670+03","13"
"Doloremque expedita id enim?","Voluptatem ut porro dolorum dolorem voluptates dolores labore exercitationem. Soluta sint omnis porro provident qui enim corporis quis. Soluta consequatur repellat mollitia quam.","2021-05-26 00:41:31.736+03","6"
"Omnis aliquam dolorem explicabo modi sunt?","Dolor quaerat reprehenderit cupiditate est. Dolor aut repellendus ut adipisci beatae. Magnam explicabo alias dicta. Consequatur voluptas omnis molestiae impedit minima.","2021-05-04 21:02:24.013+03","17"
"Quo et numquam voluptatibus rerum porro et laboriosam qui?","Excepturi fugiat molestiae itaque voluptatem quo nobis ut. Facere rem doloremque aut nobis ullam possimus sapiente eum. Consequatur blanditiis natus qui ut est minus eos fugit. Dolores sint illo molestiae. Minus et a officia voluptatem libero repudiandae. Ducimus dolores quae.","2021-05-11 01:06:11.604+03","9"
"Quis omnis natus perferendis soluta ullam explicabo est voluptatibus quisquam?","Voluptas qui et tempore et assumenda consequatur dolores saepe similique. Libero a minus. Illo explicabo vel quis repudiandae illo. Saepe officiis ratione et amet veritatis nam.","2021-05-14 03:39:17.830+03","8"
"Aspernatur exercitationem nemo unde ratione harum quis impedit maiores?","Dignissimos vero quod asperiores ut dolore tempore nihil esse. Rerum occaecati enim amet fugiat sunt quas minus porro ipsa. Minus ipsum at qui velit ut cum. Numquam iure deleniti consequatur sed.","2021-05-17 09:22:26.041+03","20"
"Occaecati eos qui saepe repellendus harum reiciendis atque beatae?","Suscipit ut consequatur quo. Est dolor velit id vel accusamus earum. Fugit distinctio aut est ratione. Deleniti iusto vero repellat. Aliquam vel et laboriosam qui. Aut unde autem aspernatur maiores atque distinctio tempora id.","2021-05-30 11:23:11.364+03","17"
"Officiis est doloremque dolor temporibus distinctio illo et qui est?","Voluptatum doloribus dolorum assumenda laudantium rerum deserunt quas nostrum. Molestiae explicabo autem numquam dignissimos magnam molestiae. Ipsum eaque ea et corrupti eum.","2021-05-04 12:54:54.288+03","18"
"Perferendis perferendis et alias sunt?","Itaque ut quos illum molestiae hic aut accusantium numquam odit. Consectetur enim consequatur ex ut id sit. Culpa repellendus tempore commodi veniam architecto. Reprehenderit voluptatem sequi quis. Cupiditate distinctio sed eos eum dolores a quos distinctio. Qui dolorem unde omnis voluptatem velit eligendi est quae quia.","2021-05-04 10:15:38.451+03","15"
"Dicta nulla aliquam hic eligendi autem?","Omnis voluptatem ipsum vitae voluptatibus praesentium voluptatem rerum. Minima natus in. Itaque molestias nulla maiores iusto ea quam. Sit velit adipisci ut veniam earum quod qui.","2021-05-26 22:43:52.909+03","3"
"Fugit voluptas qui?","Omnis ut nulla architecto accusantium fugiat mollitia iusto assumenda. Nulla voluptas qui explicabo quia voluptas doloribus amet temporibus vel. Reprehenderit non ea illo sed fugit qui blanditiis. Cum nulla in nihil omnis eum soluta.","2021-05-08 02:11:19.084+03","11"
"Totam molestiae et sit quia optio?","Temporibus aliquam sint laboriosam ut optio quo praesentium est. Ad in molestiae consequuntur excepturi vero tempora enim. Aperiam quibusdam quo et dolor similique rerum. Ad porro placeat in ex et et. Sunt illo ratione quod et esse laborum cum officiis exercitationem. Neque nihil totam sed sunt.","2021-05-30 01:35:03.197+03","8"
"Non sunt labore ab et?","Odio voluptas facilis impedit ratione ea ut dolores pariatur. Tempore eius libero quia iure consequatur architecto nobis. Distinctio sunt expedita tempore. Maxime eum non omnis quidem praesentium sunt officia. Blanditiis natus beatae officia molestias. Ut occaecati excepturi quia vel.","2021-05-01 17:39:08.604+03","6"
"Sequi perspiciatis commodi?","Sunt est eum sint eum. Et eos voluptatum in aut. Corporis accusantium enim.","2021-05-30 21:38:21.368+03","12"
"Ut voluptatem aspernatur est harum eveniet?","Reiciendis eveniet magnam quae. Itaque rem rem praesentium. Voluptatibus eius ipsa laboriosam. Perspiciatis sapiente dolorem et quis magnam dolore quia. Quasi voluptas delectus et.","2021-05-28 12:22:42.584+03","9"
"Placeat rerum nulla odit dolorum?","Et dolores provident voluptatem. Autem culpa temporibus distinctio et doloremque aut. Consequatur ea doloribus et nemo hic ad. Voluptatibus dolorem molestiae dolorem laborum alias a ea quia maxime. In necessitatibus aperiam aliquam maxime suscipit alias odit.","2021-05-24 19:44:38.488+03","19"
"Totam aut dignissimos ea consectetur dicta doloribus eaque enim?","Laboriosam vel quis laborum. Laboriosam dolore voluptatem quas repellendus voluptas. Itaque neque nihil.","2021-05-11 04:10:46.876+03","5"
"Voluptas et dolores dolores excepturi?","Error sed eos sunt est. Expedita et omnis quam temporibus. Modi pariatur quis.","2021-05-28 01:37:34.626+03","10"
"Qui numquam a voluptatem?","Voluptas amet temporibus ut voluptates rerum nisi. Facilis ut laborum facere est dolore a illum non deserunt. Hic tempora eius eligendi fugit beatae distinctio repellat possimus.","2021-05-13 00:52:35.351+03","9"
"Cum praesentium possimus debitis laboriosam distinctio eos inventore quisquam ex?","Omnis quis commodi. Sunt eos qui numquam. Est consequuntur voluptatem iste beatae temporibus fuga et cupiditate. Ut ratione rerum eum. Accusantium fugit voluptas reprehenderit corrupti voluptatibus quod ut aliquam id. Vitae ea consectetur commodi perspiciatis et culpa.","2021-05-18 00:22:29.361+03","4"
"Amet et facilis omnis amet delectus numquam debitis?","Porro atque nisi fuga eum ea ipsam est asperiores tenetur. Excepturi minus et quis eos est. Rerum quibusdam iste ut. Sed commodi corrupti consequatur quia cum. Magnam voluptatum repudiandae vero ea rerum assumenda aut quia.","2021-05-10 19:28:43.638+03","14"
"Consequatur in voluptatem inventore nihil ipsam incidunt consequuntur?","Vel earum quasi aut explicabo voluptate voluptas consequuntur. Provident quis quasi. Aliquam non aut corrupti praesentium. Quia quia voluptatibus cumque eveniet quod repellat recusandae minus quia. Quae consequatur est autem aspernatur qui quos itaque nemo. Libero qui non optio nemo voluptatem.","2021-05-29 08:10:31.936+03","5"
"Aut quam quisquam eos in tempore a aut?","Quasi aspernatur vitae aliquam vitae nam. Dolorum quibusdam quia dolore reprehenderit. In ut deleniti et rem reprehenderit. Dolores numquam et voluptas earum iure praesentium et tempore consequatur.","2021-05-24 07:02:02.602+03","14"
"Qui commodi consequatur et nemo?","Molestiae itaque sunt. Nisi perferendis sed ea qui quas hic repellat ipsa error. Ad impedit itaque rerum ipsam dolor odio deleniti et. Dolorum nihil ea vitae.","2021-05-26 07:55:46.653+03","18"
"Nobis est et molestiae id nemo ex mollitia?","Tempora rerum illum aut id deserunt porro quis et libero. Officia sapiente ea velit est. Et quas explicabo iste aut qui laudantium. Et tempora recusandae non deserunt. Aspernatur veniam dolorum cupiditate cum. Tenetur sint velit dignissimos modi ut et voluptatem qui quaerat.","2021-05-21 15:59:20.332+03","19"
"Debitis ut expedita optio eveniet?","Est autem nobis qui sed totam veritatis et iure. Placeat deserunt minima beatae natus ipsum velit officiis et. Sint est culpa hic quae error magnam provident.","2021-05-17 03:16:47.086+03","8"
"Non fuga at quis dicta eius occaecati sint?","Assumenda sint voluptates veritatis earum. Voluptate non eveniet et consectetur temporibus assumenda. Et ipsum pariatur nisi aut nesciunt. Ipsam sed exercitationem. Aspernatur consequatur blanditiis est. Molestiae facilis fugit reiciendis.","2021-05-05 17:17:14.052+03","3"
"Dolorem quas aut et?","Eligendi aperiam ut. Enim eum aliquam facilis fugiat. Adipisci consectetur voluptatem cum laborum cum. Vero corrupti fuga quis laboriosam iure officia ut.","2021-05-22 12:06:54.460+03","14"
"Optio fuga vel a labore consequatur error?","Voluptatem aut sit autem error quia dolore laudantium dolore. Id est laudantium inventore qui sed maxime sunt. Similique sed minima rerum quibusdam. Quia fugit alias dignissimos tempore placeat. Ut molestias ut quia minima aut deserunt distinctio corporis. Fugit fugit cum adipisci dolorem nihil et hic ea quisquam.","2021-05-27 22:06:22.588+03","11"
"Earum aspernatur aut sequi nihil qui est exercitationem laboriosam?","Asperiores rerum perspiciatis sed tempora accusantium. Quaerat ut similique et recusandae exercitationem quasi nulla. Tenetur commodi iste.","2021-05-08 19:26:25.115+03","16"
"Quis amet atque?","Saepe tenetur veritatis explicabo sint ducimus nemo. Distinctio sed consequatur id libero laudantium. Veniam blanditiis voluptatibus. Commodi qui magni sint quia consequatur pariatur voluptatem.","2021-05-30 00:00:23.438+03","5"
"Dicta vitae deserunt reprehenderit quia?","Aspernatur omnis non accusantium. Ab sed ratione incidunt maiores neque exercitationem. Debitis amet sed aut doloremque culpa repudiandae.","2021-05-03 14:14:55.522+03","9"
"Velit odit molestiae exercitationem vitae nam molestias necessitatibus ut aut?","Quibusdam quae esse praesentium est omnis. Exercitationem vel eveniet magnam. Sapiente officia non deserunt nesciunt explicabo.","2021-05-02 13:37:38.272+03","14"
"Iste et voluptatibus vel ut quisquam?","Saepe nostrum quisquam est consequatur molestiae est. Harum deserunt eveniet eius aut sint. Officia eveniet dolores expedita. Ut ducimus ea est.","2021-05-10 22:19:41.312+03","16"
"Ea necessitatibus doloremque eius itaque?","Voluptas est excepturi a. Qui aut voluptatem quidem accusamus pariatur sint odio deserunt. Sed aut ipsam et eveniet deleniti eum quia. Rerum cum vero non iusto. Necessitatibus corporis et voluptas.","2021-05-11 02:23:47.503+03","17"
"Sunt provident impedit enim qui ipsa velit quo facilis?","Dolorem officiis et voluptatem sit. Nisi vitae libero unde qui iusto porro fugit. Animi quisquam et. Commodi culpa esse voluptatem.","2021-05-04 00:48:12.204+03","6"
"Velit assumenda aut in?","Expedita nam odio. Explicabo modi ipsa inventore qui non est error optio cupiditate. Quas earum maxime sapiente vitae id magni accusantium. Quis est eligendi voluptatem laudantium. Nam sunt perspiciatis consequuntur. Consequatur numquam quia ut aliquam laudantium deserunt non laboriosam.","2021-05-27 18:00:11.029+03","8"
"Voluptatem autem perferendis commodi et debitis accusamus sunt?","Ab delectus itaque blanditiis sequi assumenda numquam aut eos velit. Quia ea esse et voluptatibus explicabo accusamus. Delectus ut a est et exercitationem omnis. Sed optio libero excepturi officia autem pariatur velit. Nulla autem fugit molestiae nulla quia reiciendis qui. Quos et et perferendis dolorum dolor facere est sint tempore.","2021-05-19 21:21:57.649+03","10"
"Omnis nobis repellat aut?","Soluta sunt amet omnis provident rerum eum ab cum. Totam nesciunt omnis ducimus molestiae dolorem excepturi optio aut unde. Harum repudiandae quam. Et illum a quis temporibus. Ullam est cumque laudantium. Tempora cumque dignissimos saepe sunt earum voluptatem.","2021-05-14 02:41:40.768+03","15"
"Ut architecto reiciendis mollitia fugit?","Nesciunt est ullam. Nesciunt maiores maxime nam nemo non ut officia porro. Amet sapiente commodi in laboriosam facere qui nesciunt architecto nostrum.","2021-05-04 23:15:14.320+03","9"
"Quod corrupti officiis sunt dolores occaecati omnis tenetur?","Sint iste qui ut fuga. Est in quibusdam assumenda occaecati eum. Et et enim soluta ipsum aut est velit ex optio. Iure quas aperiam sit sed doloremque quia quod. Cumque quisquam dolor aut et. Cumque repudiandae harum dolore ducimus ut enim delectus eum maxime.","2021-05-02 22:19:51.749+03","9"
"Illo eum placeat et rerum pariatur voluptatum minima voluptatem explicabo?","Nostrum in nesciunt velit voluptatum consectetur. Nulla a quia repellendus. Recusandae perferendis et consequatur. Voluptatibus voluptas est. Tempore molestiae aliquam qui sed ut.","2021-05-26 11:29:12.539+03","9"
"Aperiam perspiciatis voluptatibus non et ipsum minima voluptatibus rem explicabo?","Magni vel sint non cumque. Debitis maiores dolor eveniet. Ullam et nemo eum tenetur ex exercitationem qui. Explicabo nisi placeat nihil adipisci. Dolorem officia autem adipisci facilis vitae.","2021-05-22 22:32:08.610+03","16"
"Tempora iure accusantium consectetur nesciunt nulla tempora?","Illum sit sequi et. Molestiae necessitatibus porro placeat. Ducimus velit autem eos nobis illum porro voluptatum. Dolore doloribus illo. Quia aut non unde est et rem hic molestias.","2021-05-26 12:05:25.220+03","5"
"Rerum eius sapiente perspiciatis cumque consectetur incidunt non aut?","Voluptatum nesciunt ullam sapiente sit et non qui eum. Ut libero cumque deleniti et quasi. Doloremque quae autem vitae minus molestiae quam in praesentium. In non non enim consequatur. Cum earum consequatur culpa. Consequuntur nam quos fuga facilis aut quia vitae praesentium.","2021-05-22 17:35:42.130+03","7"
"Quod quod aut soluta nam quod expedita voluptatibus dolorem?","Aperiam explicabo voluptatem corrupti laborum. Sint et autem aliquid at quia beatae. Eos impedit sed est omnis.","2021-05-08 05:33:55.542+03","7"
"Molestiae maxime necessitatibus omnis consequuntur quo commodi repudiandae odio recusandae?","Eaque temporibus minima et. Eaque qui et nobis ut est quaerat temporibus. Odit sequi quia quasi ratione quaerat beatae magni.","2021-05-19 05:26:04.463+03","1"
"Inventore quaerat et voluptatem et inventore sed velit?","Rerum voluptatem eum cum. Sint aliquam quia assumenda et vel velit odio ducimus eaque. Omnis blanditiis ea.","2021-05-13 06:29:35.486+03","11"
"Veritatis praesentium et dicta porro unde ipsa voluptas libero expedita?","Sunt neque tempore sapiente quas libero. In asperiores qui repellat nemo. Quis deserunt cumque assumenda corrupti vel aspernatur mollitia. Officia iusto repellat a et. Et debitis minus doloribus et blanditiis quis laudantium. Consequatur nemo eum dolores impedit.","2021-05-11 02:52:50.748+03","2"
"Commodi reprehenderit eius?","Ut rerum itaque facere. Sed eaque et quasi et fuga. Deserunt hic quia laboriosam nemo necessitatibus aut similique beatae. Autem ullam omnis aut mollitia enim velit debitis id nihil. Facere et nihil explicabo ipsum architecto facilis dicta exercitationem.","2021-05-15 04:45:19.324+03","12"
"Dolorum quaerat dolorem voluptas pariatur sit et?","Veritatis eveniet dolorem in. Mollitia nulla amet sint commodi doloremque sed animi error quae. Quisquam sed harum rerum et aut necessitatibus quos saepe ex.","2021-05-05 12:20:35.971+03","9"
"Dolorem aliquam libero ut voluptatum odio sunt dolores asperiores sequi?","Distinctio blanditiis nihil sit impedit reprehenderit amet magni deleniti esse. Nulla aut voluptatibus velit doloribus tempore vero. Repudiandae assumenda nulla inventore id hic est impedit corrupti.","2021-05-16 15:50:15.936+03","10"
"Maiores pariatur earum sequi atque?","Qui et tempore voluptatem. Ut impedit odit. Dolor ut fugiat nisi. Sapiente vero et. Quia ab quibusdam inventore nisi harum. Quos ut quidem quasi quia ducimus nam aut in omnis.","2021-05-01 01:29:06.456+03","13"
"Aut voluptatem dignissimos voluptatem?","Eos nostrum et velit voluptates rerum. Aliquam minus sequi. Sunt animi unde aspernatur placeat voluptatum error.","2021-05-08 05:19:50.173+03","11"
"Eius in dolor?","Non eum officia labore consequatur provident sapiente quos. Iste sapiente quod ullam sequi voluptatem facere et repellendus. Qui ea corrupti recusandae.","2021-05-22 17:04:02.193+03","13"
"Consequuntur sed rerum blanditiis sint esse?","Aliquam maiores dolores. Molestias ullam blanditiis ab. Culpa voluptas officia doloribus repellendus qui quibusdam sed eum. Assumenda recusandae at. Quas ipsa error ab delectus dolor. Consequatur voluptatum omnis dicta consequuntur laborum accusamus modi.","2021-05-19 01:21:35.582+03","7"
"Asperiores officiis dolores accusantium ab iste quidem rerum?","Quia facere magnam. Pariatur sit alias delectus possimus quia consequatur. Et laboriosam est non.","2021-05-09 15:21:39.217+03","1"
"Sed nulla veniam impedit rerum expedita quod ut?","Et mollitia autem sit corporis nisi omnis adipisci. Voluptates deleniti beatae qui laboriosam non doloremque unde et nihil. Pariatur placeat soluta harum quis beatae. Aut inventore amet culpa in eius et.","2021-05-13 00:47:17.672+03","14"
"Sit earum nostrum?","Ut eos sunt saepe dolores minus. Cupiditate nostrum voluptatem. Nostrum commodi omnis in saepe. Non quis deserunt dolore.","2021-05-23 16:13:57.642+03","18"
"Eum impedit voluptatum veniam et?","Sed corporis et. Delectus sunt praesentium tempora quis aut. Architecto et ut eum porro enim non dolore totam.","2021-05-03 15:54:25.952+03","15"
"Et dolores molestias et deleniti tenetur sunt magni deserunt?","Incidunt similique vero eos aut et ipsum. Quia et amet ut voluptatem. Corrupti eos dolor at molestiae.","2021-05-21 09:25:41.690+03","18"
"Animi illo asperiores quos molestias animi blanditiis aut?","Deserunt error sed aliquam exercitationem. Illum dolor velit blanditiis. Sit illum voluptate sed.","2021-05-05 13:39:27.496+03","3"
"Facere praesentium omnis ex voluptatibus maiores consequatur eaque?","Maxime eum eos quo aut aut corporis nulla aut in. Quo ea est aut rem esse delectus eos. Vel tenetur illo neque dolorem voluptate qui impedit quis officiis. Recusandae sit repudiandae perspiciatis optio est itaque dolor ex et.","2021-05-03 13:18:17.251+03","5"
"Ex ad dolor iste natus?","Aliquam ipsam hic accusamus doloremque nobis. Ducimus hic voluptates laboriosam laborum optio voluptatem et. Omnis optio dolores.","2021-05-10 22:49:44.564+03","15"
"Ipsum nostrum et iusto?","Voluptatem delectus facere minus est quibusdam ea dolor. Rem eligendi beatae veritatis quia maiores. Et recusandae dicta amet facilis laudantium quis expedita facere occaecati.","2021-05-11 14:47:36.635+03","7"
"Fugiat illo sunt?","Hic repellat optio id non. Occaecati soluta quos vel velit. Velit quidem asperiores. Iusto voluptas officiis. Est quas cumque ut autem officiis eos quos consectetur.","2021-05-16 20:48:06.891+03","9"
"Esse impedit explicabo quisquam quis?","Architecto ut quam officia. Sint debitis quis iste. Nobis dolores rerum et nobis. Unde eaque iure dolorem. Eum dolores laborum minus. Ullam consequatur omnis id ut explicabo aut.","2021-05-10 05:46:26.072+03","8"
"Animi omnis incidunt ea?","Excepturi incidunt dolorem facere. Iusto qui sed quaerat. Blanditiis eos et facere quaerat est. Sint enim dolorem reprehenderit est et ut eligendi quia. Aliquam perferendis et eum laboriosam eum velit id modi perspiciatis.","2021-05-10 01:29:30.703+03","12"
"Enim odio aut necessitatibus dolor aut aliquid laudantium molestias vero?","Qui omnis sed similique quia. Ratione non ipsam optio iusto voluptate. Quam qui et doloribus autem distinctio nulla ut ut. Fugit saepe iste molestiae dolorem neque rerum ut. In aut veniam voluptas maxime repudiandae minima et eum molestiae. Veniam voluptatibus nemo hic.","2021-05-06 06:10:37.717+03","2"
"Eveniet est repellendus?","Tempora odio a porro. Est totam dolorem et. Incidunt magnam optio consequuntur.","2021-05-06 05:36:41.871+03","1"
"Consequuntur sit magni qui voluptas est incidunt qui nihil?","Molestiae sunt esse consequatur quo perferendis aut voluptatem. Ipsum ut consequatur perferendis voluptates unde. Qui iste iusto in.","2021-05-19 02:48:04.617+03","9"
"Vitae alias vel eos?","Et aut explicabo et itaque iusto. Soluta eveniet amet. Reprehenderit quia nostrum. Veritatis quis vel modi enim. Excepturi ullam hic commodi non. Consequatur et quasi quaerat adipisci iusto rerum asperiores.","2021-05-23 02:51:05.857+03","20"
"Voluptatem dolor veritatis est id ipsa magnam nihil delectus?","Officia voluptas quos et enim debitis perferendis ipsum aut id. Culpa esse asperiores voluptatem aut tempora iure assumenda ipsa repellendus. Nisi cumque rem ad eos. Labore consequatur voluptatem saepe officia perferendis enim occaecati.","2021-05-12 23:09:16.270+03","1"
"Voluptate sed sed et praesentium sit qui totam non?","Ab sit sequi et veritatis et quo cumque molestiae corporis. Consequatur ad est molestiae. Deleniti nam sit id velit eveniet tenetur qui ratione expedita. Id et illum libero.","2021-05-25 20:47:46.660+03","9"
"Hic minus et ut aspernatur pariatur aut molestias?","Rerum cumque corrupti. Voluptatem voluptas fugit explicabo alias quis itaque aspernatur asperiores similique. Eveniet accusantium culpa. Doloremque sed illum tempora assumenda aspernatur omnis sit. Nesciunt aspernatur ad doloremque.","2021-05-09 06:33:59.589+03","14"
"Dolorem est beatae non dolorem ducimus sit error?","Aut aut earum nam recusandae delectus consequatur. Necessitatibus omnis pariatur nihil fugiat exercitationem. Possimus labore sunt fugit aut tempore sed repellat. Assumenda quos est qui quae.","2021-05-22 05:47:33.416+03","18"
"Vel debitis dolorem?","Corrupti distinctio assumenda quo quis. Qui quisquam repellendus unde doloribus amet ipsa nulla doloribus repellendus. Occaecati vero quos ut eos hic quisquam.","2021-05-19 06:49:38.536+03","7"
"Impedit quae et eum nulla voluptate?","Sit id numquam quia autem. Aliquid earum accusamus voluptatem. Natus delectus quae et.","2021-05-23 20:52:16.173+03","9"
"Voluptas voluptate temporibus?","Ipsum dicta aliquid aut. Totam est facere blanditiis eius deserunt dicta enim. Provident fuga sit doloribus non harum id. Earum quidem voluptatem. Veritatis repellendus itaque saepe.","2021-05-16 08:58:51.715+03","13"
"Non reprehenderit amet quae temporibus?","Provident quod vel sunt harum quia ut. Sapiente voluptatem cum ut sequi voluptatem numquam omnis inventore nesciunt. Eligendi eligendi ratione eaque commodi velit quia nostrum ea perspiciatis. Eum et omnis est esse porro ut aut.","2021-05-06 03:11:46.966+03","1"
"Nam et dolores omnis aut minima?","Adipisci architecto placeat. Similique et qui autem necessitatibus ut dolor voluptatum inventore sed. Est consectetur numquam non omnis sapiente sed. Blanditiis sunt laborum est corporis enim necessitatibus officiis assumenda et. Dolorem dolore quisquam ut natus totam quisquam fugiat.","2021-05-25 09:26:46.180+03","11"
"Qui ad nisi eos corporis molestiae ut sequi?","Quo ratione sint. Dolorem eos natus omnis voluptate perferendis. Sit pariatur unde est cupiditate corporis saepe perferendis adipisci possimus. Ratione dolores sunt sunt aspernatur non. Mollitia mollitia consequatur eaque tenetur aut magnam. Explicabo quae blanditiis facere maxime quia adipisci aut.","2021-05-30 08:14:49.871+03","6"
"Temporibus omnis ut magni?","Voluptates et rerum pariatur aliquid recusandae omnis harum similique. Quod enim sed atque culpa omnis. Corporis necessitatibus ut alias nisi quo libero soluta. Veritatis temporibus tempora voluptatem voluptate sunt consectetur. Ullam nisi maiores dolor est perspiciatis aut.","2021-05-25 14:48:01.917+03","19"
"Natus repellendus qui?","Qui voluptatibus dolor. Ut dolores doloremque. Eaque ullam facilis quaerat quia assumenda excepturi. Quo eum ut repellendus et. In itaque aut sed. Et facilis ut voluptatem dolorum deserunt facilis aut minima.","2021-05-11 13:47:53.884+03","8"
"Voluptatum vitae quia occaecati autem et repudiandae ab velit?","Iste possimus ab ex cupiditate mollitia non non. Voluptatum molestiae temporibus. Nihil fuga reprehenderit voluptatem delectus aspernatur eum accusamus doloremque corrupti.","2021-05-04 05:03:30.946+03","15"
"Sint sunt distinctio sed ullam quisquam asperiores dicta cumque?","Et officia quo veniam ut nostrum est et porro dolor. Est eligendi qui aut quaerat. Earum quia iure molestiae. Voluptas qui earum id dolores magni ipsa blanditiis. Eum praesentium sed id tempora laudantium et dolorem.","2021-05-05 09:28:39.932+03","18"
"Soluta ut pariatur modi aut rerum at reiciendis quia est?","Maiores praesentium aut nam velit quas distinctio enim. Ut soluta eaque illo saepe eligendi fuga. Quaerat itaque impedit perspiciatis porro doloribus. Minima sunt rerum sunt quasi odit nihil quia ipsa.","2021-05-16 09:43:23.097+03","16"
"Error nihil non?","Dignissimos ullam quia corporis. Qui in qui assumenda voluptatibus excepturi illo consequatur iusto. Fuga commodi quis illo neque ipsam expedita et. Deserunt et rerum tempore magnam libero vero. Occaecati delectus nemo dolor quaerat. Fuga rerum animi.","2021-05-03 10:29:12.389+03","8"
"Quae nesciunt omnis suscipit iste qui ad optio quos non?","Repellat accusantium accusantium quis. Et aut est dignissimos ipsam exercitationem non sunt voluptates corporis. Blanditiis sed quia corporis optio molestiae. Perferendis eos quam enim cumque ipsam fuga porro possimus unde. Enim ullam nihil.","2021-05-16 17:32:34.749+03","2"
"Enim assumenda rerum sint dignissimos omnis reprehenderit ut consequuntur eos?","Et libero fuga non dolore fuga repellendus dolor reprehenderit. Laudantium perferendis ut officia harum fuga sunt ut. Aperiam recusandae inventore a officiis minima.","2021-05-12 08:05:07.985+03","1"
"Impedit fuga ut impedit est enim?","Illo temporibus libero molestiae sed laboriosam sequi. Incidunt sunt quia iure eum corrupti occaecati. Labore molestiae aut molestias aliquam aut asperiores recusandae consectetur repellendus.","2021-05-09 05:36:26.491+03","15"
"Itaque cumque quia porro?","Porro dolorem quia modi earum. Expedita perspiciatis quo aperiam consequatur odit cumque maiores. Sed cupiditate saepe aperiam atque id possimus. Magnam dolor facilis cupiditate quo voluptatum fugit. Ut cum ut repudiandae consequatur perferendis id.","2021-05-01 08:07:06.721+03","3"
"Aperiam rerum at veritatis ea asperiores et fugit quis?","Ut magni numquam deserunt est dolorem magnam cupiditate. Quos molestiae nulla ratione. Sit quas laudantium non aut aspernatur voluptas aspernatur qui. Cumque dolorem culpa sequi.","2021-05-13 00:18:06.617+03","18"
"Nobis quisquam ratione accusamus velit est?","Tempore deserunt sit sit neque porro qui a. Atque numquam nihil repellat nulla recusandae. Nisi maxime tempora doloremque praesentium sunt dolorem non. Assumenda reiciendis corporis occaecati. Iste quia voluptate quo facere.","2021-05-16 17:36:32.632+03","12"
"Fuga quia ullam dolor?","Iste omnis aut voluptatem ut. Asperiores quibusdam consequatur in magnam nihil veniam. Cumque omnis voluptatem repellat nulla repudiandae neque doloremque sunt consequatur. Est consequatur architecto. Porro et enim.","2021-05-16 16:24:41.350+03","4"
"Iste voluptates et harum sapiente doloremque asperiores pariatur ducimus?","Eos et esse fuga. Eos sed adipisci porro. Sint delectus suscipit.","2021-05-26 07:51:51.348+03","5"
"Porro sed facere est repudiandae?","Voluptatibus nemo velit sequi nobis. Aliquam et earum nostrum eum sapiente et et tempora voluptatem. Molestiae qui illo perferendis.","2021-05-10 17:10:32.394+03","20"
"Dolorem et ducimus ab omnis temporibus sed quos?","Ipsa repudiandae aliquid debitis cumque amet adipisci. Consectetur quod deleniti cupiditate explicabo ea iure animi. Cum voluptas quia officiis excepturi molestiae.","2021-05-24 17:49:25.438+03","14"
"Illo et dolore possimus iusto non?","Qui nesciunt id quia minus. Commodi autem qui corporis ut deserunt. Quidem ut porro eius eius rem. Laudantium voluptate rem necessitatibus omnis rerum non. Quam vitae delectus. Et et ex aliquam corporis voluptas beatae minus provident.","2021-05-25 23:42:30.092+03","20"
"Ullam architecto maxime asperiores et?","Eos nisi quia et et et ut est modi suscipit. Optio repellendus saepe est qui exercitationem error recusandae consequatur reprehenderit. Sint aperiam sed quaerat. Molestiae et sed vero voluptate perferendis architecto. Aut accusamus et alias alias nobis. Tempore libero vitae voluptatem ipsum et et eos quis error.","2021-05-14 17:10:01.694+03","3"
"Et hic omnis magnam in soluta itaque?","Beatae consequatur quod laboriosam eveniet odit sed dolores eveniet. Earum est rerum quod sunt nihil non provident ex quis. Eveniet reprehenderit eos porro ad cupiditate sequi omnis qui.","2021-05-05 03:49:18.272+03","1"
"Voluptatem dolorum eum ab ut omnis in id?","Est eos quisquam aut pariatur est. Molestias aut ut id aut optio. Sunt quisquam quod. Nulla id eius. Et ut pariatur. Repudiandae vel dolor et est.","2021-05-18 18:11:58.500+03","12"
"Enim ratione neque quia qui aut harum rerum occaecati ea?","Et ab inventore et voluptatem aut placeat dolores. Ducimus veritatis distinctio voluptas. Perspiciatis dicta quia quisquam sequi quia et maxime. Fugiat et et ut quibusdam aut porro sint laborum.","2021-05-23 14:45:05.642+03","10"
"Facere vel aut aut consectetur vel quam id tempore?","Ea aliquid fuga minima quaerat sunt praesentium. Incidunt atque odio quidem fuga accusantium quis voluptatem qui excepturi. Ratione ipsa sed delectus animi tempore consequatur.","2021-05-22 18:02:49.968+03","13"
"Sequi sed ratione iusto facere autem aliquam magnam libero?","Provident hic est atque est fugiat aut est laboriosam. Ratione ut quod reprehenderit ad aut labore aut optio. Quod quos molestiae eum delectus praesentium.","2021-05-06 20:15:47.138+03","13"
"Sunt mollitia soluta?","Dignissimos iure laudantium consequatur sed. Consequuntur et alias voluptatem corporis aspernatur deserunt voluptas. Rem iusto atque et est et autem officia ratione eaque. Corporis incidunt dicta labore rerum et et fuga quia.","2021-05-28 23:16:15.687+03","10"
"Eaque et illo quia est quas unde explicabo id incidunt?","Veritatis est dolor magni. Quaerat consequatur earum rerum. Quia odio vero nesciunt alias nihil. Vel molestiae amet ducimus autem eum similique molestias sint qui.","2021-05-22 09:56:06.083+03","2"
"Est non illum quas magnam?","Ut nemo aut consequatur alias corrupti possimus ab. Sapiente sit facere ut consectetur eaque accusantium voluptatem. Cum et neque. Occaecati tempore veniam architecto repudiandae debitis magni. Harum praesentium aut libero et ipsam ducimus. Qui cupiditate necessitatibus natus.","2021-05-15 04:21:39.785+03","18"
"Eius nulla quo ut optio?","Possimus quo et ex et qui vero incidunt. Non et recusandae dolorem id. Rerum quos accusamus iure molestiae perspiciatis id magnam voluptas est. Animi et molestiae architecto. Et at vel est illo quas dolorem autem quia exercitationem.","2021-05-17 01:13:49.609+03","12"
"Dicta id ullam?","Voluptas omnis et soluta velit error officiis adipisci voluptas. Cupiditate perferendis ea. Corporis est itaque nihil. Consequatur vel nemo molestiae dolorem necessitatibus eius.","2021-05-23 10:15:25.615+03","15"
"Quisquam modi quis sed dicta?","Voluptate eos qui aut quasi deleniti ex odio distinctio veritatis. Autem vel natus repellat aut eaque non deserunt illo. Repudiandae aut quis aut minus et et et dolorem.","2021-05-13 18:23:33.311+03","13"
"Ut voluptate tempore?","Ut assumenda sint aliquid aspernatur ea totam quaerat nam maxime. Qui veniam velit ab architecto sit. Non repellat atque.","2021-05-24 16:37:48.669+03","20"
"Minima quia nemo temporibus esse voluptatem quo?","Ex fugit voluptas dicta non praesentium natus quam ex. Corporis natus a cumque consequatur. Alias et ea cupiditate unde.","2021-05-21 13:55:49.881+03","5"
"Sit rem voluptatem?","Harum dolorum est neque architecto aperiam soluta qui sed et. Est neque ut sequi et dolorem ut. Doloribus esse non enim ratione molestias numquam voluptas. Vel atque aspernatur ut dolorum sed quam consequuntur. Perspiciatis recusandae adipisci et deleniti.","2021-05-11 14:08:33.631+03","11"
"Neque ducimus quibusdam magni aperiam veritatis non qui inventore qui?","Recusandae non placeat. Omnis magnam nostrum. Quae nostrum voluptatem natus commodi libero. Sed voluptates voluptatum qui rerum similique sit consectetur ab magnam. Veniam consequatur eum repellat. Velit omnis ab cupiditate laborum debitis saepe minus dolores nobis.","2021-05-15 06:33:44.286+03","7"
"Aliquam sit dignissimos id ut sequi iste?","Et voluptatem dolores ut ullam facilis atque. Quis ut atque eos voluptatem facilis est suscipit dolore. Tenetur commodi ut qui eveniet et tenetur est. Culpa aperiam voluptatem ipsum deserunt voluptatem qui cum nulla. Repellendus adipisci atque commodi odio libero ullam dolorum natus. Culpa itaque deserunt reiciendis aut odio est et.","2021-05-28 12:42:05.536+03","13"
"Expedita consectetur ipsa ut veritatis vel fugit?","Doloribus distinctio quia rerum possimus fuga et consequatur ut. Tempore aliquid nesciunt et laudantium rerum eum eius. Similique iusto qui excepturi facere error voluptatibus. Delectus odit quas quas pariatur veritatis nam aliquam nobis. Nam voluptatem pariatur excepturi rerum praesentium et. Nisi voluptatibus perferendis odit.","2021-05-02 06:06:09.028+03","18"
"Quaerat pariatur dolores ipsam sunt dolorum harum neque?","Ipsam voluptatem corrupti alias. Voluptas et accusantium reprehenderit temporibus quis. Vero eligendi enim voluptas ratione. Ut temporibus saepe autem libero sit molestiae. Velit ad cupiditate libero aliquid quas numquam. Aliquid exercitationem ut perferendis velit rerum odio eius officia voluptatibus.","2021-05-01 10:44:58.826+03","7"
"Velit vitae est fugiat quam aut aperiam deserunt?","Quis dicta rem tenetur corporis vero expedita dolorem. Autem laboriosam non exercitationem et est voluptates voluptate. Sequi quaerat dolores nisi ipsam voluptas laborum ab animi. Nulla repudiandae voluptatem. Fugiat eos quam est corrupti earum eaque quia vel nostrum.","2021-05-24 18:47:19.135+03","2"