"name","surname","email","dateCreated","password"
"Daija","Wiegand","Reymundo_Jacobson@yahoo.com","2021-05-17 12:34:28.037+03","raUCcnK3YhLBjVV"
"Faustino","Berge","Treva.Simonis@yahoo.com","2021-05-08 19:58:38.175+03","fqrqlxx6O3N97my"
"Columbus","Wisozk","Katharina_Sporer68@gmail.com","2021-05-12 01:05:04.204+03","U1tLkSl0iOGiFR4"
"Ubaldo","Russel","Mona_Bechtelar56@yahoo.com","2021-05-28 03:14:41.789+03","5t8EuFm7TTA3rVv"
"Bradley","Wuckert","Mattie_Dibbert18@hotmail.com","2021-05-11 18:20:00.516+03","XQ8GClZv2qa5AR9"
"Bryce","DuBuque","Beaulah.Strosin@hotmail.com","2021-05-30 17:51:00.315+03","MbQMCA2KTS32Fy6"
"Aniyah","Lowe","Deborah_Hegmann@hotmail.com","2021-05-28 15:40:05.290+03","SuDKhwjgVvd3vlH"
"Jaylan","Pacocha","Laverne20@hotmail.com","2021-05-15 11:09:00.532+03","Kb0QcNCTxZnNWz4"
"Elmore","Farrell","Edythe.Hirthe37@gmail.com","2021-05-07 10:37:36.702+03","3UAFOWgIw0_qZvl"
"Kianna","Witting","Broderick.Smitham48@yahoo.com","2021-05-12 08:14:49.519+03","bV7eoM5lexpPvpF"
"Esteban","Berge","Lurline.Dicki19@yahoo.com","2021-05-22 15:00:16.711+03","GyqtYk9QvWTtrzT"
"Euna","Leuschke","Kylie_Kerluke72@yahoo.com","2021-05-25 15:01:07.532+03","RnM9e0jLjZqNelH"
"Anabel","Dicki","Annabell_Bartoletti@gmail.com","2021-05-22 04:57:21.561+03","Z8YznJC6hkwfWJi"
"Vinnie","Boyle","Mireille.Adams@yahoo.com","2021-05-07 09:06:24.283+03","lV72sY0xoXwxDlw"
"Junior","Padberg","Reba5@gmail.com","2021-05-08 00:18:32.505+03","QrWOMtC_jm96HuO"
"Jeanette","Kuhlman","Roberto71@yahoo.com","2021-05-02 15:32:38.734+03","9MNCpE_atrOB2PM"
"Vilma","Carter","Ara.Frami21@gmail.com","2021-05-02 13:55:32.208+03","ZSIgVgDpJU2nbiY"
"Cleora","Barrows","Christopher1@gmail.com","2021-05-05 12:36:36.076+03","VIjw_vSCv6c2VAp"
"Aurelio","Grady","Janice_Torphy@gmail.com","2021-05-19 15:57:21.703+03","7Qbqlc7IO2yp8RI"
"Consuelo","Kulas","Roma.Orn@gmail.com","2021-05-13 19:43:59.251+03","jnTGuC20Exxju3l"